chr,pos,ref,A,C,G,T,N,p.value,d.value,comparison,total_reads,A_norm,C_norm,G_norm,T_norm,bam_file
MT,72,T,1,0,0,11,0,0.027027027,0.11785113,recipient_vs_cfDNA,12,0.083333333,0,0,0.025462963,bam1
MT,89,T,0,1,0,12,0,0.028077754,0.108785659,recipient_vs_cfDNA,13,0,0.076923077,0,0.026666667,bam1
MT,309,C,0,6,0,3,0,0.002601617,0.443175513,recipient_vs_cfDNA,9,0,0.666666667,0,0.017142857,bam1
MT,369,C,1,13,0,0,0,0.044585987,0.101015254,recipient_vs_cfDNA,14,0.071428571,0.928571429,0,0,bam1
MT,590,A,13,0,0,2,0,0.017644879,0.175178084,recipient_vs_cfDNA,15,0.866666667,0,0,0.006309148,bam1
MT,635,C,1,13,0,0,0,0.031180401,0.101015254,recipient_vs_cfDNA,14,0.071428571,0.928571429,0,0,bam1
MT,667,T,0,0,1,9,0,0.021505376,0.141421356,recipient_vs_cfDNA,10,0,0,0.1,0.01978022,bam1
MT,691,A,7,1,0,0,0,0.034969999,0.175212775,recipient_vs_cfDNA,8,0.875,0.125,0,0,bam1
MT,1045,G,0,0,11,1,0,0.024539877,0.11785113,recipient_vs_cfDNA,12,0,0,0.916666667,0.002096436,bam1
MT,1205,T,1,0,0,12,0,0.029046651,0.105757479,recipient_vs_cfDNA,13,0.076923077,0,0,0.02690583,bam1
MT,1209,C,0,11,1,0,0,0.026030369,0.11785113,recipient_vs_cfDNA,12,0,0.916666667,0.083333333,0,bam1
MT,1305,A,19,0,1,1,0,0.001464639,0.116642369,recipient_vs_cfDNA,21,0.904761905,0,0.047619048,0.001941748,bam1
MT,1769,C,1,12,0,0,0,0.04743846,0.106112287,recipient_vs_cfDNA,13,0.076923077,0.923076923,0,0,bam1
MT,1934,T,0,1,0,13,0,0.026923077,0.101015254,recipient_vs_cfDNA,14,0,0.071428571,0,0.0256917,bam1
MT,1974,A,13,0,0,1,0,0.02811245,0.101015254,recipient_vs_cfDNA,14,0.928571429,0,0,0.002066116,bam1
MT,2150,T,1,0,0,12,0,0.049896113,0.1059685,recipient_vs_cfDNA,13,0.076923077,0,0,0.023904382,bam1
MT,2169,A,13,0,1,0,0,0.028688525,0.101015254,recipient_vs_cfDNA,14,0.928571429,0,0.071428571,0,bam1
MT,2305,T,1,0,0,9,0,0.037768084,0.13867531,recipient_vs_cfDNA,10,0.1,0,0,0.017475728,bam1
MT,2464,G,0,0,6,1,0,0.024734044,0.200770818,recipient_vs_cfDNA,7,0,0,0.857142857,0.001798561,bam1
MT,2721,G,0,0,24,2,0,0.006247053,0.106091919,recipient_vs_cfDNA,26,0,0,0.923076923,0.003809524,bam1
MT,2945,A,17,0,0,2,0,0.00089983,0.148864586,recipient_vs_cfDNA,19,0.894736842,0,0,0.003344482,bam1
MT,3063,G,0,2,21,0,0,0.003539678,0.120308117,recipient_vs_cfDNA,23,0,0.086956522,0.913043478,0,bam1
MT,3815,A,9,1,0,0,0,0.018761726,0.141421356,recipient_vs_cfDNA,10,0.9,0.1,0,0,bam1
MT,3886,A,12,1,0,0,0,0.046174909,0.107509406,recipient_vs_cfDNA,13,0.923076923,0.076923077,0,0,bam1
MT,3902,A,11,1,0,0,0,0.040986243,0.115361318,recipient_vs_cfDNA,12,0.916666667,0.083333333,0,0,bam1
MT,4145,T,1,0,0,9,0,0.044787146,0.138147714,recipient_vs_cfDNA,10,0.1,0,0,0.020833333,bam1
MT,4252,C,0,11,1,0,0,0.026998529,0.114792021,recipient_vs_cfDNA,12,0,0.916666667,0.083333333,0,bam1
MT,4274,T,1,0,0,11,0,0.025531915,0.11785113,recipient_vs_cfDNA,12,0.083333333,0,0,0.024017467,bam1
MT,4408,G,0,1,6,0,0,0.030235862,0.200487797,recipient_vs_cfDNA,7,0,0.142857143,0.857142857,0,bam1
MT,4428,G,0,1,12,0,0,0.026584867,0.108785659,recipient_vs_cfDNA,13,0,0.076923077,0.923076923,0,bam1
MT,4774,T,1,0,0,7,0,0.025316456,0.176776695,recipient_vs_cfDNA,8,0.125,0,0,0.022727273,bam1
MT,4776,G,0,1,9,0,0,0.031446541,0.141421356,recipient_vs_cfDNA,10,0,0.1,0.9,0,bam1
MT,4863,A,21,0,0,2,0,0.005117065,0.120229047,recipient_vs_cfDNA,23,0.913043478,0,0,0.003883495,bam1
MT,4988,C,1,11,0,0,0,0.048723604,0.116391048,recipient_vs_cfDNA,12,0.083333333,0.916666667,0,0,bam1
MT,5007,G,0,0,7,1,0,0.034592003,0.173640967,recipient_vs_cfDNA,8,0,0,0.875,0.002217295,bam1
MT,5103,A,9,0,0,1,0,0.039405004,0.138552769,recipient_vs_cfDNA,10,0.9,0,0,0.002028398,bam1
MT,5645,G,0,0,13,1,0,0.031180401,0.101015254,recipient_vs_cfDNA,14,0,0,0.928571429,0.002298851,bam1
MT,5683,A,12,0,1,0,0,0.03163017,0.108785659,recipient_vs_cfDNA,13,0.923076923,0,0.076923077,0,bam1
MT,6516,G,1,0,9,0,0,0.038273974,0.140050167,recipient_vs_cfDNA,10,0.1,0,0.9,0,bam1
MT,6562,T,1,0,0,13,0,0.026768642,0.101015254,recipient_vs_cfDNA,14,0.071428571,0,0,0.025540275,bam1
MT,6751,T,0,1,0,13,0,0.030172414,0.101015254,recipient_vs_cfDNA,14,0,0.071428571,0,0.028888889,bam1
MT,6883,T,1,0,1,15,0,0.017967335,0.116548285,recipient_vs_cfDNA,17,0.058823529,0,0.058823529,0.031982942,bam1
MT,6997,T,1,0,0,13,0,0.028169014,0.101015254,recipient_vs_cfDNA,14,0.071428571,0,0,0.026915114,bam1
MT,7000,T,1,0,0,11,0,0.024691358,0.11785113,recipient_vs_cfDNA,12,0.083333333,0,0,0.023206751,bam1
MT,7574,C,1,13,0,0,0,0.029350105,0.101015254,recipient_vs_cfDNA,14,0.071428571,0.928571429,0,0,bam1
MT,7585,A,12,0,2,0,0,0.002187838,0.199096456,recipient_vs_cfDNA,14,0.857142857,0,0.142857143,0,bam1
MT,7717,A,9,1,0,0,0,0.018761726,0.141421356,recipient_vs_cfDNA,10,0.9,0.1,0,0,bam1
MT,7726,A,10,1,0,0,0,0.020833333,0.128564869,recipient_vs_cfDNA,11,0.909090909,0.090909091,0,0,bam1
MT,7777,C,1,13,0,0,0,0.02734375,0.101015254,recipient_vs_cfDNA,14,0.071428571,0.928571429,0,0,bam1
MT,7786,C,1,13,0,0,0,0.027237354,0.101015254,recipient_vs_cfDNA,14,0.071428571,0.928571429,0,0,bam1
MT,7928,G,0,0,9,1,0,0.03978673,0.134564398,recipient_vs_cfDNA,10,0,0,0.9,0.001996008,bam1
MT,7949,A,10,0,1,0,0,0.021912351,0.128564869,recipient_vs_cfDNA,11,0.909090909,0,0.090909091,0,bam1
MT,8100,C,1,12,0,0,0,0.046422206,0.106171586,recipient_vs_cfDNA,13,0.076923077,0.923076923,0,0,bam1
MT,8233,A,13,0,0,1,0,0.03373494,0.101015254,recipient_vs_cfDNA,14,0.928571429,0,0,0.002493766,bam1
MT,8253,C,2,10,0,0,0,0.000718907,0.23570226,recipient_vs_cfDNA,12,0.166666667,0.833333333,0,0,bam1
MT,8279,T,1,0,0,8,0,0.045557724,0.147133802,recipient_vs_cfDNA,9,0.111111111,0,0,0.01980198,bam1
MT,8298,T,0,0,1,6,0,0.035249281,0.191912409,recipient_vs_cfDNA,7,0,0,0.142857143,0.014851485,bam1
MT,8332,A,10,0,0,1,0,0.048665242,0.12532126,recipient_vs_cfDNA,11,0.909090909,0,0,0.002293578,bam1
MT,8371,C,0,13,1,0,0,0.028629857,0.101015254,recipient_vs_cfDNA,14,0,0.928571429,0.071428571,0,bam1
MT,8446,A,7,0,0,1,0,0.016129032,0.176776695,recipient_vs_cfDNA,8,0.875,0,0,0.00204918,bam1
MT,8452,A,6,0,1,0,0,0.014314928,0.202030509,recipient_vs_cfDNA,7,0.857142857,0,0.142857143,0,bam1
MT,8490,T,1,0,0,8,0,0.037891313,0.155626886,recipient_vs_cfDNA,9,0.111111111,0,0,0.017316017,bam1
MT,8506,T,1,0,0,7,0,0.033717306,0.173722238,recipient_vs_cfDNA,8,0.125,0,0,0.01511879,bam1
MT,8519,G,0,1,11,0,0,0.025862069,0.11785113,recipient_vs_cfDNA,12,0,0.083333333,0.916666667,0,bam1
MT,8758,T,1,0,0,10,0,0.046505244,0.127045859,recipient_vs_cfDNA,11,0.090909091,0,0,0.021881838,bam1
MT,9844,C,0,10,1,0,0,0.020408163,0.128564869,recipient_vs_cfDNA,11,0,0.909090909,0.090909091,0,bam1
MT,10041,A,10,0,1,0,0,0.020332717,0.128564869,recipient_vs_cfDNA,11,0.909090909,0,0.090909091,0,bam1
MT,10071,T,1,0,0,12,0,0.022608696,0.108785659,recipient_vs_cfDNA,13,0.076923077,0,0,0.021352313,bam1
MT,10076,T,1,0,0,11,0,0.020654045,0.11785113,recipient_vs_cfDNA,12,0.083333333,0,0,0.019332162,bam1
MT,10254,G,0,0,12,1,0,0.025490196,0.108785659,recipient_vs_cfDNA,13,0,0,0.923076923,0.002012072,bam1
MT,10509,A,6,1,0,0,0,0.024304666,0.200792863,recipient_vs_cfDNA,7,0.857142857,0.142857143,0,0,bam1
MT,10545,C,0,7,1,0,0,0.013982519,0.174352746,recipient_vs_cfDNA,8,0,0.875,0.125,0,bam1
MT,10878,T,0,2,0,10,0,0.000553153,0.23570226,recipient_vs_cfDNA,12,0,0.166666667,0,0.020964361,bam1
MT,10884,T,0,1,0,11,0,0.048040995,0.116411838,recipient_vs_cfDNA,12,0,0.083333333,0,0.022821577,bam1
MT,10952,C,1,9,0,0,0,0.035335689,0.141421356,recipient_vs_cfDNA,10,0.1,0.9,0,0,bam1
MT,11015,A,5,0,0,1,0,0.013602709,0.232554781,recipient_vs_cfDNA,6,0.833333333,0,0,0.002272727,bam1
MT,11719,G,2,0,25,0,0,0.005297859,0.101940999,recipient_vs_cfDNA,27,0.074074074,0,0.925925926,0,bam1
MT,11806,A,9,1,0,0,0,0.019011407,0.141421356,recipient_vs_cfDNA,10,0.9,0.1,0,0,bam1
MT,11873,A,7,0,0,1,0,0.033435487,0.173748401,recipient_vs_cfDNA,8,0.875,0,0,0.002141328,bam1
MT,11928,A,8,0,0,1,0,0.018867925,0.15713484,recipient_vs_cfDNA,9,0.888888889,0,0,0.002136752,bam1
MT,11932,C,0,8,1,0,0,0.037418741,0.15564593,recipient_vs_cfDNA,9,0,0.888888889,0.111111111,0,bam1
MT,11938,C,1,9,0,0,0,0.020964361,0.141421356,recipient_vs_cfDNA,10,0.1,0.9,0,0,bam1
MT,11940,T,1,0,0,9,0,0.021052632,0.141421356,recipient_vs_cfDNA,10,0.1,0,0,0.019354839,bam1
MT,12080,C,1,13,0,0,0,0.02892562,0.101015254,recipient_vs_cfDNA,14,0.071428571,0.928571429,0,0,bam1
MT,12132,C,1,10,0,0,0,0.043819368,0.125654965,recipient_vs_cfDNA,11,0.090909091,0.909090909,0,0,bam1
MT,12151,A,8,1,0,0,0,0.034746399,0.155753512,recipient_vs_cfDNA,9,0.888888889,0.111111111,0,0,bam1
MT,12201,T,1,0,0,9,0,0.016891892,0.141421356,recipient_vs_cfDNA,10,0.1,0,0,0.015463918,bam1
MT,12203,T,1,0,0,9,0,0.033526547,0.138991436,recipient_vs_cfDNA,10,0.1,0,0,0.015463918,bam1
MT,12240,C,1,7,0,0,0,0.013769363,0.176776695,recipient_vs_cfDNA,8,0.125,0.875,0,0,bam1
MT,12385,C,1,12,1,0,0,0.037973578,0.150806849,recipient_vs_cfDNA,14,0.071428571,0.857142857,0.071428571,0,bam1
MT,12395,T,2,0,0,17,0,0.014670906,0.137856878,recipient_vs_cfDNA,19,0.105263158,0,0,0.034136546,bam1
MT,12410,A,15,0,1,1,0,0.03333054,0.122282593,recipient_vs_cfDNA,17,0.882352941,0,0.058823529,0.001953125,bam1
MT,12644,T,1,0,0,10,0,0.018739353,0.128564869,recipient_vs_cfDNA,11,0.090909091,0,0,0.017361111,bam1
MT,12825,T,2,0,0,14,0,0.000875746,0.176776695,recipient_vs_cfDNA,16,0.125,0,0,0.027559055,bam1
MT,13057,A,13,0,0,1,0,0.04431154,0.124275505,recipient_vs_cfDNA,14,0.928571429,0,0,0.002247191,bam1
MT,13062,A,11,0,2,0,0,0.003978113,0.203867111,recipient_vs_cfDNA,13,0.846153846,0,0.153846154,0,bam1
MT,13095,T,0,1,0,12,0,0.03081846,0.104308682,recipient_vs_cfDNA,13,0,0.076923077,0,0.027210884,bam1
MT,13105,A,12,0,1,0,0,0.028571429,0.108785659,recipient_vs_cfDNA,13,0.923076923,0,0.076923077,0,bam1
MT,13114,C,0,11,1,0,0,0.026373626,0.11785113,recipient_vs_cfDNA,12,0,0.916666667,0.083333333,0,bam1
MT,13138,G,0,0,8,1,0,0.039643653,0.153928007,recipient_vs_cfDNA,9,0,0,0.888888889,0.002267574,bam1
MT,13752,T,1,0,0,10,0,0.032049119,0.123082157,recipient_vs_cfDNA,11,0.090909091,0,0,0.027855153,bam1
MT,13753,T,1,0,0,10,0,0.03021978,0.128564869,recipient_vs_cfDNA,11,0.090909091,0,0,0.028328612,bam1
MT,13863,C,1,8,0,0,0,0.035222303,0.154295054,recipient_vs_cfDNA,9,0.111111111,0.888888889,0,0,bam1
MT,13892,C,0,13,1,0,0,0.026768642,0.101015254,recipient_vs_cfDNA,14,0,0.928571429,0.071428571,0,bam1
MT,14004,C,1,12,0,0,0,0.049421965,0.107418137,recipient_vs_cfDNA,13,0.076923077,0.923076923,0,0,bam1
MT,14148,A,11,0,0,1,0,0.046370475,0.116462679,recipient_vs_cfDNA,12,0.916666667,0,0,0.002,bam1
MT,14287,T,0,1,0,6,0,0.032703147,0.192606848,recipient_vs_cfDNA,7,0,0.142857143,0,0.013793103,bam1
MT,14291,T,0,0,1,8,0,0.039819032,0.155549139,recipient_vs_cfDNA,9,0,0,0.111111111,0.018223235,bam1
MT,14488,T,0,0,1,8,0,0.019955654,0.15713484,recipient_vs_cfDNA,9,0,0,0.111111111,0.018099548,bam1
MT,14494,T,1,0,0,8,0,0.043399932,0.146480013,recipient_vs_cfDNA,9,0.111111111,0,0,0.018306636,bam1
MT,14521,C,1,9,0,0,0,0.046668005,0.138005381,recipient_vs_cfDNA,10,0.1,0.9,0,0,bam1
MT,14540,T,1,0,0,7,0,0.019607843,0.176776695,recipient_vs_cfDNA,8,0.125,0,0,0.0175,bam1
MT,14550,T,1,0,0,7,0,0.019047619,0.176776695,recipient_vs_cfDNA,8,0.125,0,0,0.016990291,bam1
MT,14560,G,0,1,9,0,0,0.023696682,0.141421356,recipient_vs_cfDNA,10,0,0.1,0.9,0,bam1
MT,14613,A,9,1,0,0,0,0.022222222,0.141421356,recipient_vs_cfDNA,10,0.9,0.1,0,0,bam1
MT,14800,C,0,19,0,3,0,0.001331738,0.184045145,recipient_vs_cfDNA,22,0,0.863636364,0,0.006224066,bam1
MT,14950,C,0,13,0,2,0,0.000769214,0.187185393,recipient_vs_cfDNA,15,0,0.866666667,0,0.003937008,bam1
MT,14956,T,0,2,0,12,0,0.000651601,0.200671578,recipient_vs_cfDNA,14,0,0.142857143,0,0.023300971,bam1
MT,14969,T,0,1,0,12,0,0.025677944,0.104985371,recipient_vs_cfDNA,13,0,0.076923077,0,0.022813688,bam1
MT,15210,A,7,0,0,1,0,0.02895776,0.174162622,recipient_vs_cfDNA,8,0.875,0,0,0.001848429,bam1
MT,15318,C,1,11,0,0,0,0.022222222,0.11785113,recipient_vs_cfDNA,12,0.083333333,0.916666667,0,0,bam1
MT,15320,C,1,12,0,0,0,0.047009663,0.106137319,recipient_vs_cfDNA,13,0.076923077,0.923076923,0,0,bam1
MT,15321,T,2,0,0,11,0,0.007501788,0.206918108,recipient_vs_cfDNA,13,0.153846154,0,0,0.020715631,bam1
MT,15342,T,1,0,0,13,0,0.026070764,0.101015254,recipient_vs_cfDNA,14,0.071428571,0,0,0.024856597,bam1
MT,15392,G,2,0,8,0,0,0.000655852,0.278841404,recipient_vs_cfDNA,10,0.2,0,0.8,0,bam1
MT,15419,A,13,0,0,1,0,0.02734375,0.101015254,recipient_vs_cfDNA,14,0.928571429,0,0,0.002008032,bam1
MT,15473,A,7,1,0,0,0,0.015037594,0.176776695,recipient_vs_cfDNA,8,0.875,0.125,0,0,bam1
MT,15484,A,6,0,0,1,0,0.040613992,0.19641855,recipient_vs_cfDNA,7,0.857142857,0,0,0.001984127,bam1
MT,15503,C,0,6,1,0,0,0.0278871,0.200608745,recipient_vs_cfDNA,7,0,0.857142857,0.142857143,0,bam1
MT,15854,T,1,0,0,9,0,0.021008403,0.141421356,recipient_vs_cfDNA,10,0.1,0,0,0.019313305,bam1
MT,15952,C,0,8,1,0,0,0.017647059,0.15713484,recipient_vs_cfDNA,9,0,0.888888889,0.111111111,0,bam1
MT,16240,A,7,0,0,1,0,0.037162868,0.175113487,recipient_vs_cfDNA,8,0.875,0,0,0.002386635,bam1
MT,16381,T,1,0,0,9,0,0.037983248,0.140060717,recipient_vs_cfDNA,10,0.1,0,0,0.017578125,bam1
MT,72,T,1,0,0,11,0,0.027027027,0.11785113,donor_vs_cfDNA,12,0.083333333,0,0,0.025462963,bam1
MT,89,T,0,1,0,12,0,0.028077754,0.108785659,donor_vs_cfDNA,13,0,0.076923077,0,0.026666667,bam1
MT,309,C,0,6,0,3,0,0.002601617,0.443175513,donor_vs_cfDNA,9,0,0.666666667,0,0.017142857,bam1
MT,369,C,1,13,0,0,0,0.044585987,0.101015254,donor_vs_cfDNA,14,0.071428571,0.928571429,0,0,bam1
MT,590,A,13,0,0,2,0,0.017644879,0.175178084,donor_vs_cfDNA,15,0.866666667,0,0,0.006309148,bam1
MT,635,C,1,13,0,0,0,0.031180401,0.101015254,donor_vs_cfDNA,14,0.071428571,0.928571429,0,0,bam1
MT,667,T,0,0,1,9,0,0.021505376,0.141421356,donor_vs_cfDNA,10,0,0,0.1,0.01978022,bam1
MT,691,A,7,1,0,0,0,0.034969999,0.175212775,donor_vs_cfDNA,8,0.875,0.125,0,0,bam1
MT,1045,G,0,0,11,1,0,0.024539877,0.11785113,donor_vs_cfDNA,12,0,0,0.916666667,0.002096436,bam1
MT,1205,T,1,0,0,12,0,0.029046651,0.105757479,donor_vs_cfDNA,13,0.076923077,0,0,0.02690583,bam1
MT,1209,C,0,11,1,0,0,0.026030369,0.11785113,donor_vs_cfDNA,12,0,0.916666667,0.083333333,0,bam1
MT,1305,A,19,0,1,1,0,0.001464639,0.116642369,donor_vs_cfDNA,21,0.904761905,0,0.047619048,0.001941748,bam1
MT,1769,C,1,12,0,0,0,0.04743846,0.106112287,donor_vs_cfDNA,13,0.076923077,0.923076923,0,0,bam1
MT,1934,T,0,1,0,13,0,0.026923077,0.101015254,donor_vs_cfDNA,14,0,0.071428571,0,0.0256917,bam1
MT,1974,A,13,0,0,1,0,0.02811245,0.101015254,donor_vs_cfDNA,14,0.928571429,0,0,0.002066116,bam1
MT,2150,T,1,0,0,12,0,0.049896113,0.1059685,donor_vs_cfDNA,13,0.076923077,0,0,0.023904382,bam1
MT,2169,A,13,0,1,0,0,0.028688525,0.101015254,donor_vs_cfDNA,14,0.928571429,0,0.071428571,0,bam1
MT,2305,T,1,0,0,9,0,0.037768084,0.13867531,donor_vs_cfDNA,10,0.1,0,0,0.017475728,bam1
MT,2464,G,0,0,6,1,0,0.024734044,0.200770818,donor_vs_cfDNA,7,0,0,0.857142857,0.001798561,bam1
MT,2721,G,0,0,24,2,0,0.006247053,0.106091919,donor_vs_cfDNA,26,0,0,0.923076923,0.003809524,bam1
MT,2945,A,17,0,0,2,0,0.00089983,0.148864586,donor_vs_cfDNA,19,0.894736842,0,0,0.003344482,bam1
MT,3063,G,0,2,21,0,0,0.003539678,0.120308117,donor_vs_cfDNA,23,0,0.086956522,0.913043478,0,bam1
MT,3815,A,9,1,0,0,0,0.018761726,0.141421356,donor_vs_cfDNA,10,0.9,0.1,0,0,bam1
MT,3886,A,12,1,0,0,0,0.046174909,0.107509406,donor_vs_cfDNA,13,0.923076923,0.076923077,0,0,bam1
MT,3902,A,11,1,0,0,0,0.040986243,0.115361318,donor_vs_cfDNA,12,0.916666667,0.083333333,0,0,bam1
MT,4145,T,1,0,0,9,0,0.044787146,0.138147714,donor_vs_cfDNA,10,0.1,0,0,0.020833333,bam1
MT,4252,C,0,11,1,0,0,0.026998529,0.114792021,donor_vs_cfDNA,12,0,0.916666667,0.083333333,0,bam1
MT,4274,T,1,0,0,11,0,0.025531915,0.11785113,donor_vs_cfDNA,12,0.083333333,0,0,0.024017467,bam1
MT,4408,G,0,1,6,0,0,0.030235862,0.200487797,donor_vs_cfDNA,7,0,0.142857143,0.857142857,0,bam1
MT,4428,G,0,1,12,0,0,0.026584867,0.108785659,donor_vs_cfDNA,13,0,0.076923077,0.923076923,0,bam1
MT,4774,T,1,0,0,7,0,0.025316456,0.176776695,donor_vs_cfDNA,8,0.125,0,0,0.022727273,bam1
MT,4776,G,0,1,9,0,0,0.031446541,0.141421356,donor_vs_cfDNA,10,0,0.1,0.9,0,bam1
MT,4863,A,21,0,0,2,0,0.005117065,0.120229047,donor_vs_cfDNA,23,0.913043478,0,0,0.003883495,bam1
MT,4988,C,1,11,0,0,0,0.048723604,0.116391048,donor_vs_cfDNA,12,0.083333333,0.916666667,0,0,bam1
MT,5007,G,0,0,7,1,0,0.034592003,0.173640967,donor_vs_cfDNA,8,0,0,0.875,0.002217295,bam1
MT,5103,A,9,0,0,1,0,0.039405004,0.138552769,donor_vs_cfDNA,10,0.9,0,0,0.002028398,bam1
MT,5645,G,0,0,13,1,0,0.031180401,0.101015254,donor_vs_cfDNA,14,0,0,0.928571429,0.002298851,bam1
MT,5683,A,12,0,1,0,0,0.03163017,0.108785659,donor_vs_cfDNA,13,0.923076923,0,0.076923077,0,bam1
MT,6516,G,1,0,9,0,0,0.038273974,0.140050167,donor_vs_cfDNA,10,0.1,0,0.9,0,bam1
MT,6562,T,1,0,0,13,0,0.026768642,0.101015254,donor_vs_cfDNA,14,0.071428571,0,0,0.025540275,bam1
MT,6751,T,0,1,0,13,0,0.030172414,0.101015254,donor_vs_cfDNA,14,0,0.071428571,0,0.028888889,bam1
MT,6883,T,1,0,1,15,0,0.017967335,0.116548285,donor_vs_cfDNA,17,0.058823529,0,0.058823529,0.031982942,bam1
MT,6997,T,1,0,0,13,0,0.028169014,0.101015254,donor_vs_cfDNA,14,0.071428571,0,0,0.026915114,bam1
MT,7000,T,1,0,0,11,0,0.024691358,0.11785113,donor_vs_cfDNA,12,0.083333333,0,0,0.023206751,bam1
MT,7574,C,1,13,0,0,0,0.029350105,0.101015254,donor_vs_cfDNA,14,0.071428571,0.928571429,0,0,bam1
MT,7585,A,12,0,2,0,0,0.002187838,0.199096456,donor_vs_cfDNA,14,0.857142857,0,0.142857143,0,bam1
MT,7717,A,9,1,0,0,0,0.018761726,0.141421356,donor_vs_cfDNA,10,0.9,0.1,0,0,bam1
MT,7726,A,10,1,0,0,0,0.020833333,0.128564869,donor_vs_cfDNA,11,0.909090909,0.090909091,0,0,bam1
MT,7777,C,1,13,0,0,0,0.02734375,0.101015254,donor_vs_cfDNA,14,0.071428571,0.928571429,0,0,bam1
MT,7786,C,1,13,0,0,0,0.027237354,0.101015254,donor_vs_cfDNA,14,0.071428571,0.928571429,0,0,bam1
MT,7928,G,0,0,9,1,0,0.03978673,0.134564398,donor_vs_cfDNA,10,0,0,0.9,0.001996008,bam1
MT,7949,A,10,0,1,0,0,0.021912351,0.128564869,donor_vs_cfDNA,11,0.909090909,0,0.090909091,0,bam1
MT,8100,C,1,12,0,0,0,0.046422206,0.106171586,donor_vs_cfDNA,13,0.076923077,0.923076923,0,0,bam1
MT,8233,A,13,0,0,1,0,0.03373494,0.101015254,donor_vs_cfDNA,14,0.928571429,0,0,0.002493766,bam1
MT,8253,C,2,10,0,0,0,0.000718907,0.23570226,donor_vs_cfDNA,12,0.166666667,0.833333333,0,0,bam1
MT,8279,T,1,0,0,8,0,0.045557724,0.147133802,donor_vs_cfDNA,9,0.111111111,0,0,0.01980198,bam1
MT,8298,T,0,0,1,6,0,0.035249281,0.191912409,donor_vs_cfDNA,7,0,0,0.142857143,0.014851485,bam1
MT,8332,A,10,0,0,1,0,0.048665242,0.12532126,donor_vs_cfDNA,11,0.909090909,0,0,0.002293578,bam1
MT,8371,C,0,13,1,0,0,0.028629857,0.101015254,donor_vs_cfDNA,14,0,0.928571429,0.071428571,0,bam1
MT,8446,A,7,0,0,1,0,0.016129032,0.176776695,donor_vs_cfDNA,8,0.875,0,0,0.00204918,bam1
MT,8452,A,6,0,1,0,0,0.014314928,0.202030509,donor_vs_cfDNA,7,0.857142857,0,0.142857143,0,bam1
MT,8490,T,1,0,0,8,0,0.037891313,0.155626886,donor_vs_cfDNA,9,0.111111111,0,0,0.017316017,bam1
MT,8506,T,1,0,0,7,0,0.033717306,0.173722238,donor_vs_cfDNA,8,0.125,0,0,0.01511879,bam1
MT,8519,G,0,1,11,0,0,0.025862069,0.11785113,donor_vs_cfDNA,12,0,0.083333333,0.916666667,0,bam1
MT,8758,T,1,0,0,10,0,0.046505244,0.127045859,donor_vs_cfDNA,11,0.090909091,0,0,0.021881838,bam1
MT,9844,C,0,10,1,0,0,0.020408163,0.128564869,donor_vs_cfDNA,11,0,0.909090909,0.090909091,0,bam1
MT,10041,A,10,0,1,0,0,0.020332717,0.128564869,donor_vs_cfDNA,11,0.909090909,0,0.090909091,0,bam1
MT,10071,T,1,0,0,12,0,0.022608696,0.108785659,donor_vs_cfDNA,13,0.076923077,0,0,0.021352313,bam1
MT,10076,T,1,0,0,11,0,0.020654045,0.11785113,donor_vs_cfDNA,12,0.083333333,0,0,0.019332162,bam1
MT,10254,G,0,0,12,1,0,0.025490196,0.108785659,donor_vs_cfDNA,13,0,0,0.923076923,0.002012072,bam1
MT,10509,A,6,1,0,0,0,0.024304666,0.200792863,donor_vs_cfDNA,7,0.857142857,0.142857143,0,0,bam1
MT,10545,C,0,7,1,0,0,0.013982519,0.174352746,donor_vs_cfDNA,8,0,0.875,0.125,0,bam1
MT,10878,T,0,2,0,10,0,0.000553153,0.23570226,donor_vs_cfDNA,12,0,0.166666667,0,0.020964361,bam1
MT,10884,T,0,1,0,11,0,0.048040995,0.116411838,donor_vs_cfDNA,12,0,0.083333333,0,0.022821577,bam1
MT,10952,C,1,9,0,0,0,0.035335689,0.141421356,donor_vs_cfDNA,10,0.1,0.9,0,0,bam1
MT,11015,A,5,0,0,1,0,0.013602709,0.232554781,donor_vs_cfDNA,6,0.833333333,0,0,0.002272727,bam1
MT,11719,G,2,0,25,0,0,0.005297859,0.101940999,donor_vs_cfDNA,27,0.074074074,0,0.925925926,0,bam1
MT,11806,A,9,1,0,0,0,0.019011407,0.141421356,donor_vs_cfDNA,10,0.9,0.1,0,0,bam1
MT,11873,A,7,0,0,1,0,0.033435487,0.173748401,donor_vs_cfDNA,8,0.875,0,0,0.002141328,bam1
MT,11928,A,8,0,0,1,0,0.018867925,0.15713484,donor_vs_cfDNA,9,0.888888889,0,0,0.002136752,bam1
MT,11932,C,0,8,1,0,0,0.037418741,0.15564593,donor_vs_cfDNA,9,0,0.888888889,0.111111111,0,bam1
MT,11938,C,1,9,0,0,0,0.020964361,0.141421356,donor_vs_cfDNA,10,0.1,0.9,0,0,bam1
MT,11940,T,1,0,0,9,0,0.021052632,0.141421356,donor_vs_cfDNA,10,0.1,0,0,0.019354839,bam1
MT,12080,C,1,13,0,0,0,0.02892562,0.101015254,donor_vs_cfDNA,14,0.071428571,0.928571429,0,0,bam1
MT,12132,C,1,10,0,0,0,0.043819368,0.125654965,donor_vs_cfDNA,11,0.090909091,0.909090909,0,0,bam1
MT,12151,A,8,1,0,0,0,0.034746399,0.155753512,donor_vs_cfDNA,9,0.888888889,0.111111111,0,0,bam1
MT,12201,T,1,0,0,9,0,0.016891892,0.141421356,donor_vs_cfDNA,10,0.1,0,0,0.015463918,bam1
MT,12203,T,1,0,0,9,0,0.033526547,0.138991436,donor_vs_cfDNA,10,0.1,0,0,0.015463918,bam1
MT,12240,C,1,7,0,0,0,0.013769363,0.176776695,donor_vs_cfDNA,8,0.125,0.875,0,0,bam1
MT,12385,C,1,12,1,0,0,0.037973578,0.150806849,donor_vs_cfDNA,14,0.071428571,0.857142857,0.071428571,0,bam1
MT,12395,T,2,0,0,17,0,0.014670906,0.137856878,donor_vs_cfDNA,19,0.105263158,0,0,0.034136546,bam1
MT,12410,A,15,0,1,1,0,0.03333054,0.122282593,donor_vs_cfDNA,17,0.882352941,0,0.058823529,0.001953125,bam1
MT,12644,T,1,0,0,10,0,0.018739353,0.128564869,donor_vs_cfDNA,11,0.090909091,0,0,0.017361111,bam1
MT,12825,T,2,0,0,14,0,0.000875746,0.176776695,donor_vs_cfDNA,16,0.125,0,0,0.027559055,bam1
MT,13057,A,13,0,0,1,0,0.04431154,0.124275505,donor_vs_cfDNA,14,0.928571429,0,0,0.002247191,bam1
MT,13062,A,11,0,2,0,0,0.003978113,0.203867111,donor_vs_cfDNA,13,0.846153846,0,0.153846154,0,bam1
MT,13095,T,0,1,0,12,0,0.03081846,0.104308682,donor_vs_cfDNA,13,0,0.076923077,0,0.027210884,bam1
MT,13105,A,12,0,1,0,0,0.028571429,0.108785659,donor_vs_cfDNA,13,0.923076923,0,0.076923077,0,bam1
MT,13114,C,0,11,1,0,0,0.026373626,0.11785113,donor_vs_cfDNA,12,0,0.916666667,0.083333333,0,bam1
MT,13138,G,0,0,8,1,0,0.039643653,0.153928007,donor_vs_cfDNA,9,0,0,0.888888889,0.002267574,bam1
MT,13752,T,1,0,0,10,0,0.032049119,0.123082157,donor_vs_cfDNA,11,0.090909091,0,0,0.027855153,bam1
MT,13753,T,1,0,0,10,0,0.03021978,0.128564869,donor_vs_cfDNA,11,0.090909091,0,0,0.028328612,bam1
MT,13863,C,1,8,0,0,0,0.035222303,0.154295054,donor_vs_cfDNA,9,0.111111111,0.888888889,0,0,bam1
MT,13892,C,0,13,1,0,0,0.026768642,0.101015254,donor_vs_cfDNA,14,0,0.928571429,0.071428571,0,bam1
MT,14004,C,1,12,0,0,0,0.049421965,0.107418137,donor_vs_cfDNA,13,0.076923077,0.923076923,0,0,bam1
MT,14148,A,11,0,0,1,0,0.046370475,0.116462679,donor_vs_cfDNA,12,0.916666667,0,0,0.002,bam1
MT,14287,T,0,1,0,6,0,0.032703147,0.192606848,donor_vs_cfDNA,7,0,0.142857143,0,0.013793103,bam1
MT,14291,T,0,0,1,8,0,0.039819032,0.155549139,donor_vs_cfDNA,9,0,0,0.111111111,0.018223235,bam1
MT,14488,T,0,0,1,8,0,0.019955654,0.15713484,donor_vs_cfDNA,9,0,0,0.111111111,0.018099548,bam1
MT,14494,T,1,0,0,8,0,0.043399932,0.146480013,donor_vs_cfDNA,9,0.111111111,0,0,0.018306636,bam1
MT,14521,C,1,9,0,0,0,0.046668005,0.138005381,donor_vs_cfDNA,10,0.1,0.9,0,0,bam1
MT,14540,T,1,0,0,7,0,0.019607843,0.176776695,donor_vs_cfDNA,8,0.125,0,0,0.0175,bam1
MT,14550,T,1,0,0,7,0,0.019047619,0.176776695,donor_vs_cfDNA,8,0.125,0,0,0.016990291,bam1
MT,14560,G,0,1,9,0,0,0.023696682,0.141421356,donor_vs_cfDNA,10,0,0.1,0.9,0,bam1
MT,14613,A,9,1,0,0,0,0.022222222,0.141421356,donor_vs_cfDNA,10,0.9,0.1,0,0,bam1
MT,14800,C,0,19,0,3,0,0.001331738,0.184045145,donor_vs_cfDNA,22,0,0.863636364,0,0.006224066,bam1
MT,14950,C,0,13,0,2,0,0.000769214,0.187185393,donor_vs_cfDNA,15,0,0.866666667,0,0.003937008,bam1
MT,14956,T,0,2,0,12,0,0.000651601,0.200671578,donor_vs_cfDNA,14,0,0.142857143,0,0.023300971,bam1
MT,14969,T,0,1,0,12,0,0.025677944,0.104985371,donor_vs_cfDNA,13,0,0.076923077,0,0.022813688,bam1
MT,15210,A,7,0,0,1,0,0.02895776,0.174162622,donor_vs_cfDNA,8,0.875,0,0,0.001848429,bam1
MT,15318,C,1,11,0,0,0,0.022222222,0.11785113,donor_vs_cfDNA,12,0.083333333,0.916666667,0,0,bam1
MT,15320,C,1,12,0,0,0,0.047009663,0.106137319,donor_vs_cfDNA,13,0.076923077,0.923076923,0,0,bam1
MT,15321,T,2,0,0,11,0,0.007501788,0.206918108,donor_vs_cfDNA,13,0.153846154,0,0,0.020715631,bam1
MT,15342,T,1,0,0,13,0,0.026070764,0.101015254,donor_vs_cfDNA,14,0.071428571,0,0,0.024856597,bam1
MT,15392,G,2,0,8,0,0,0.000655852,0.278841404,donor_vs_cfDNA,10,0.2,0,0.8,0,bam1
MT,15419,A,13,0,0,1,0,0.02734375,0.101015254,donor_vs_cfDNA,14,0.928571429,0,0,0.002008032,bam1
MT,15473,A,7,1,0,0,0,0.015037594,0.176776695,donor_vs_cfDNA,8,0.875,0.125,0,0,bam1
MT,15484,A,6,0,0,1,0,0.040613992,0.19641855,donor_vs_cfDNA,7,0.857142857,0,0,0.001984127,bam1
MT,15503,C,0,6,1,0,0,0.0278871,0.200608745,donor_vs_cfDNA,7,0,0.857142857,0.142857143,0,bam1
MT,15854,T,1,0,0,9,0,0.021008403,0.141421356,donor_vs_cfDNA,10,0.1,0,0,0.019313305,bam1
MT,15952,C,0,8,1,0,0,0.017647059,0.15713484,donor_vs_cfDNA,9,0,0.888888889,0.111111111,0,bam1
MT,16240,A,7,0,0,1,0,0.037162868,0.175113487,donor_vs_cfDNA,8,0.875,0,0,0.002386635,bam1
MT,16381,T,1,0,0,9,0,0.037983248,0.140060717,donor_vs_cfDNA,10,0.1,0,0,0.017578125,bam1
MT,64,C,1,415,1,0,0,4.17E-298,1.398896672,donor_vs_recipient,417,0.002398082,0.995203837,0.002398082,0,bam1
MT,73,A,438,0,0,0,0,7.83224234956055e-317,1.407965196,donor_vs_recipient,438,1,0,0,0,bam1
MT,146,T,0,0,0,478,0,0,1.4110627,donor_vs_recipient,478,0,0,0,0.7102526,bam1
MT,152,T,0,466,0,0,0,0,1.410941186,donor_vs_recipient,466,0,1,0,0,bam1
MT,153,A,463,0,0,0,0,0,1.414213562,donor_vs_recipient,463,1,0,0,0,bam1
MT,235,A,406,0,0,0,0,4.40E-288,1.406047115,donor_vs_recipient,406,1,0,0,0,bam1
MT,515,A,266,6,0,0,0,1.28E-15,0.387150511,donor_vs_recipient,272,0.977941176,0.022058824,0,0,bam1
MT,663,A,454,0,0,0,0,9.53546696473606e-321,1.395129763,donor_vs_recipient,454,1,0,0,0,bam1
MT,1736,A,517,0,0,2,0,0,1.400025209,donor_vs_recipient,519,0.996146435,0,0,0.002702703,bam1
MT,2706,A,550,0,1,3,0,0,1.407847354,donor_vs_recipient,554,0.992779783,0,0.001805054,0.003588517,bam1
MT,4248,T,1,0,0,432,0,3.73E-295,1.395637341,donor_vs_recipient,433,0.002309469,0,0,0.690095847,bam1
MT,4812,G,0,387,0,0,0,7.16E-282,1.411824688,donor_vs_recipient,387,0,1,0,0,bam1
MT,4824,A,417,0,0,0,0,2.81E-293,1.403933921,donor_vs_recipient,417,1,0,0,0,bam1
MT,6776,T,0,459,0,2,0,3.22265858572554e-312,1.406924166,donor_vs_recipient,461,0,0.995661605,0,0.003267974,bam1
MT,7028,C,1,428,0,0,0,0.00E+00,1.411440455,donor_vs_recipient,429,0.002331002,0.997668998,0,0,bam1
MT,8027,G,0,0,526,0,0,0,1.408670053,donor_vs_recipient,526,0,0,1,0,bam1
MT,8794,C,0,323,1,0,0,3.71E-218,1.396461211,donor_vs_recipient,324,0,0.99691358,0.00308642,0,bam1
MT,11380,A,521,0,0,1,0,0,1.403253484,donor_vs_recipient,522,0.998084291,0,0,0.001358696,bam1
MT,11719,G,0,1,486,1,0,0,1.399470039,donor_vs_recipient,488,0,0.00204918,0.995901639,0.00128866,bam1
MT,12007,G,2,0,464,2,0,0,1.392126688,donor_vs_recipient,468,0.004273504,0,0.991452991,0.002631579,bam1
MT,12705,C,4,575,1,3,0,0,1.385523678,donor_vs_recipient,583,0.006861063,0.986277873,0.001715266,0.003618818,bam1
MT,14745,C,3,451,0,0,0,0,1.40208661,donor_vs_recipient,454,0.00660793,0.99339207,0,0,bam1
MT,14766,C,0,488,0,0,0,0,1.405695365,donor_vs_recipient,488,0,1,0,0,bam1
MT,16111,C,0,487,1,0,0,0,1.40207391,donor_vs_recipient,488,0,0.99795082,0.00204918,0,bam1
MT,16223,C,2,421,0,0,0,1.60E-303,1.402158958,donor_vs_recipient,423,0.004728132,0.995271868,0,0,bam1
MT,16290,C,0,470,0,0,0,0,1.410041841,donor_vs_recipient,470,0,1,0,0,bam1
MT,16319,G,0,0,487,2,0,0,1.389784737,donor_vs_recipient,489,0,0,0.99591002,0.002770083,bam1
MT,16362,T,2,0,0,495,0,0,1.382826114,donor_vs_recipient,497,0.004024145,0,0,0.666218035,bam1
MT,72,T,0,0,0,432,0,0.027027027,0.11785113,recipient_vs_cfDNA,432,0,0,0,1,bam2
MT,89,T,0,0,0,450,0,0.028077754,0.108785659,recipient_vs_cfDNA,450,0,0,0,1,bam2
MT,309,C,0,171,1,3,0,0.002601617,0.443175513,recipient_vs_cfDNA,175,0,0.977142857,0.005714286,0.017142857,bam2
MT,369,C,0,300,0,0,0,0.044585987,0.101015254,recipient_vs_cfDNA,300,0,1,0,0,bam2
MT,590,A,314,0,0,3,0,0.017644879,0.175178084,recipient_vs_cfDNA,317,0.990536278,0,0,0.009463722,bam2
MT,635,C,0,435,0,0,0,0.031180401,0.101015254,recipient_vs_cfDNA,435,0,1,0,0,bam2
MT,667,T,0,0,0,455,0,0.021505376,0.141421356,recipient_vs_cfDNA,455,0,0,0,1,bam2
MT,691,A,445,0,0,1,0,0.034969999,0.175212775,recipient_vs_cfDNA,446,0.997757848,0,0,0.002242152,bam2
MT,1045,G,0,0,477,0,0,0.024539877,0.11785113,recipient_vs_cfDNA,477,0,0,1,0,bam2
MT,1205,T,0,2,0,444,0,0.029046651,0.105757479,recipient_vs_cfDNA,446,0,0.004484305,0,0.995515695,bam2
MT,1209,C,0,449,0,0,0,0.026030369,0.11785113,recipient_vs_cfDNA,449,0,1,0,0,bam2
MT,1305,A,515,0,0,0,0,0.001464639,0.116642369,recipient_vs_cfDNA,515,1,0,0,0,bam2
MT,1769,C,1,528,0,0,0,0.04743846,0.106112287,recipient_vs_cfDNA,529,0.001890359,0.998109641,0,0,bam2
MT,1934,T,0,0,0,506,0,0.026923077,0.101015254,recipient_vs_cfDNA,506,0,0,0,1,bam2
MT,1974,A,484,0,0,0,0,0.02811245,0.101015254,recipient_vs_cfDNA,484,1,0,0,0,bam2
MT,2150,T,1,0,0,501,0,0.049896113,0.1059685,recipient_vs_cfDNA,502,0.001992032,0,0,0.998007968,bam2
MT,2169,A,474,0,0,0,0,0.028688525,0.101015254,recipient_vs_cfDNA,474,1,0,0,0,bam2
MT,2305,T,1,0,0,514,0,0.037768084,0.13867531,recipient_vs_cfDNA,515,0.001941748,0,0,0.998058252,bam2
MT,2464,G,0,1,555,0,0,0.024734044,0.200770818,recipient_vs_cfDNA,556,0,0.001798561,0.998201439,0,bam2
MT,2721,G,0,0,524,1,0,0.006247053,0.106091919,recipient_vs_cfDNA,525,0,0,0.998095238,0.001904762,bam2
MT,2945,A,598,0,0,0,0,0.00089983,0.148864586,recipient_vs_cfDNA,598,1,0,0,0,bam2
MT,3063,G,0,0,510,2,0,0.003539678,0.120308117,recipient_vs_cfDNA,512,0,0,0.99609375,0.00390625,bam2
MT,3815,A,523,0,0,0,0,0.018761726,0.141421356,recipient_vs_cfDNA,523,1,0,0,0,bam2
MT,3886,A,543,0,0,1,0,0.046174909,0.107509406,recipient_vs_cfDNA,544,0.998161765,0,0,0.001838235,bam2
MT,3902,A,567,1,0,0,0,0.040986243,0.115361318,recipient_vs_cfDNA,568,0.998239437,0.001760563,0,0,bam2
MT,4145,T,1,0,0,431,0,0.044787146,0.138147714,recipient_vs_cfDNA,432,0.002314815,0,0,0.997685185,bam2
MT,4252,C,2,441,0,0,0,0.026998529,0.114792021,recipient_vs_cfDNA,443,0.004514673,0.995485327,0,0,bam2
MT,4274,T,0,0,0,458,0,0.025531915,0.11785113,recipient_vs_cfDNA,458,0,0,0,1,bam2
MT,4408,G,1,0,452,0,0,0.030235862,0.200487797,recipient_vs_cfDNA,453,0.002207506,0,0.997792494,0,bam2
MT,4428,G,0,0,476,0,0,0.026584867,0.108785659,recipient_vs_cfDNA,476,0,0,1,0,bam2
MT,4774,T,0,0,0,308,0,0.025316456,0.176776695,recipient_vs_cfDNA,308,0,0,0,1,bam2
MT,4776,G,0,0,308,0,0,0.031446541,0.141421356,recipient_vs_cfDNA,308,0,0,1,0,bam2
MT,4863,A,514,0,0,1,0,0.005117065,0.120229047,recipient_vs_cfDNA,515,0.998058252,0,0,0.001941748,bam2
MT,4988,C,0,474,1,0,0,0.048723604,0.116391048,recipient_vs_cfDNA,475,0,0.997894737,0.002105263,0,bam2
MT,5007,G,0,0,450,1,0,0.034592003,0.173640967,recipient_vs_cfDNA,451,0,0,0.997782705,0.002217295,bam2
MT,5103,A,492,0,0,1,0,0.039405004,0.138552769,recipient_vs_cfDNA,493,0.997971602,0,0,0.002028398,bam2
MT,5645,G,0,0,435,0,0,0.031180401,0.101015254,recipient_vs_cfDNA,435,0,0,1,0,bam2
MT,5683,A,398,0,0,0,0,0.03163017,0.108785659,recipient_vs_cfDNA,398,1,0,0,0,bam2
MT,6516,G,0,1,507,0,0,0.038273974,0.140050167,recipient_vs_cfDNA,508,0,0.001968504,0.998031496,0,bam2
MT,6562,T,0,0,0,509,0,0.026768642,0.101015254,recipient_vs_cfDNA,509,0,0,0,1,bam2
MT,6751,T,0,0,0,450,0,0.030172414,0.101015254,recipient_vs_cfDNA,450,0,0,0,1,bam2
MT,6883,T,11,0,0,458,0,0.017967335,0.116548285,recipient_vs_cfDNA,469,0.023454158,0,0,0.976545842,bam2
MT,6997,T,0,0,0,483,0,0.028169014,0.101015254,recipient_vs_cfDNA,483,0,0,0,1,bam2
MT,7000,T,0,0,0,474,0,0.024691358,0.11785113,recipient_vs_cfDNA,474,0,0,0,1,bam2
MT,7574,C,0,463,0,0,0,0.029350105,0.101015254,recipient_vs_cfDNA,463,0,1,0,0,bam2
MT,7585,A,481,0,1,0,0,0.002187838,0.199096456,recipient_vs_cfDNA,482,0.997925311,0,0.002074689,0,bam2
MT,7717,A,523,0,0,0,0,0.018761726,0.141421356,recipient_vs_cfDNA,523,1,0,0,0,bam2
MT,7726,A,517,0,0,0,0,0.020833333,0.128564869,recipient_vs_cfDNA,517,1,0,0,0,bam2
MT,7777,C,0,498,0,0,0,0.02734375,0.101015254,recipient_vs_cfDNA,498,0,1,0,0,bam2
MT,7786,C,0,500,0,0,0,0.027237354,0.101015254,recipient_vs_cfDNA,500,0,1,0,0,bam2
MT,7928,G,0,3,497,1,0,0.03978673,0.134564398,recipient_vs_cfDNA,501,0,0.005988024,0.992015968,0.001996008,bam2
MT,7949,A,491,0,0,0,0,0.021912351,0.128564869,recipient_vs_cfDNA,491,1,0,0,0,bam2
MT,8100,C,1,540,0,0,0,0.046422206,0.106171586,recipient_vs_cfDNA,541,0.001848429,0.998151571,0,0,bam2
MT,8233,A,401,0,0,0,0,0.03373494,0.101015254,recipient_vs_cfDNA,401,1,0,0,0,bam2
MT,8253,C,0,417,0,0,0,0.000718907,0.23570226,recipient_vs_cfDNA,417,0,1,0,0,bam2
MT,8279,T,1,0,4,399,0,0.045557724,0.147133802,recipient_vs_cfDNA,404,0.002475248,0,0.00990099,0.987623762,bam2
MT,8298,T,4,0,1,399,0,0.035249281,0.191912409,recipient_vs_cfDNA,404,0.00990099,0,0.002475248,0.987623762,bam2
MT,8332,A,435,0,0,1,0,0.048665242,0.12532126,recipient_vs_cfDNA,436,0.997706422,0,0,0.002293578,bam2
MT,8371,C,0,475,0,0,0,0.028629857,0.101015254,recipient_vs_cfDNA,475,0,1,0,0,bam2
MT,8446,A,488,0,0,0,0,0.016129032,0.176776695,recipient_vs_cfDNA,488,1,0,0,0,bam2
MT,8452,A,482,0,0,0,0,0.014314928,0.202030509,recipient_vs_cfDNA,482,1,0,0,0,bam2
MT,8490,T,0,0,1,461,0,0.037891313,0.155626886,recipient_vs_cfDNA,462,0,0,0.002164502,0.997835498,bam2
MT,8506,T,1,0,0,462,0,0.033717306,0.173722238,recipient_vs_cfDNA,463,0.002159827,0,0,0.997840173,bam2
MT,8519,G,0,0,452,0,0,0.025862069,0.11785113,recipient_vs_cfDNA,452,0,0,1,0,bam2
MT,8758,T,0,1,0,456,0,0.046505244,0.127045859,recipient_vs_cfDNA,457,0,0.002188184,0,0.997811816,bam2
MT,9844,C,0,528,0,0,0,0.020408163,0.128564869,recipient_vs_cfDNA,528,0,1,0,0,bam2
MT,10041,A,530,0,0,0,0,0.020332717,0.128564869,recipient_vs_cfDNA,530,1,0,0,0,bam2
MT,10071,T,0,0,0,562,0,0.022608696,0.108785659,recipient_vs_cfDNA,562,0,0,0,1,bam2
MT,10076,T,0,0,0,569,0,0.020654045,0.11785113,recipient_vs_cfDNA,569,0,0,0,1,bam2
MT,10254,G,0,0,497,0,0,0.025490196,0.108785659,recipient_vs_cfDNA,497,0,0,1,0,bam2
MT,10509,A,565,0,0,1,0,0.024304666,0.200792863,recipient_vs_cfDNA,566,0.998233216,0,0,0.001766784,bam2
MT,10545,C,2,569,0,0,0,0.013982519,0.174352746,recipient_vs_cfDNA,571,0.003502627,0.996497373,0,0,bam2
MT,10878,T,0,0,0,477,0,0.000553153,0.23570226,recipient_vs_cfDNA,477,0,0,0,1,bam2
MT,10884,T,1,0,0,481,0,0.048040995,0.116411838,recipient_vs_cfDNA,482,0.002074689,0,0,0.997925311,bam2
MT,10952,C,0,273,0,0,0,0.035335689,0.141421356,recipient_vs_cfDNA,273,0,1,0,0,bam2
MT,11015,A,438,2,0,0,0,0.013602709,0.232554781,recipient_vs_cfDNA,440,0.995454545,0.004545455,0,0,bam2
MT,11719,G,0,1,486,1,0,0.005297859,0.101940999,recipient_vs_cfDNA,488,0,0.00204918,0.995901639,0.00204918,bam2
MT,11806,A,516,0,0,0,0,0.019011407,0.141421356,recipient_vs_cfDNA,516,1,0,0,0,bam2
MT,11873,A,466,0,0,1,0,0.033435487,0.173748401,recipient_vs_cfDNA,467,0.997858672,0,0,0.002141328,bam2
MT,11928,A,468,0,0,0,0,0.018867925,0.15713484,recipient_vs_cfDNA,468,1,0,0,0,bam2
MT,11932,C,1,467,0,0,0,0.037418741,0.15564593,recipient_vs_cfDNA,468,0.002136752,0.997863248,0,0,bam2
MT,11938,C,0,467,0,0,0,0.020964361,0.141421356,recipient_vs_cfDNA,467,0,1,0,0,bam2
MT,11940,T,0,0,0,465,0,0.021052632,0.141421356,recipient_vs_cfDNA,465,0,0,0,1,bam2
MT,12080,C,0,470,0,0,0,0.02892562,0.101015254,recipient_vs_cfDNA,470,0,1,0,0,bam2
MT,12132,C,1,485,0,0,0,0.043819368,0.125654965,recipient_vs_cfDNA,486,0.002057613,0.997942387,0,0,bam2
MT,12151,A,504,0,0,1,0,0.034746399,0.155753512,recipient_vs_cfDNA,505,0.998019802,0,0,0.001980198,bam2
MT,12201,T,0,0,0,582,0,0.016891892,0.141421356,recipient_vs_cfDNA,582,0,0,0,1,bam2
MT,12203,T,1,0,0,581,0,0.033526547,0.138991436,recipient_vs_cfDNA,582,0.001718213,0,0,0.998281787,bam2
MT,12240,C,0,573,0,0,0,0.013769363,0.176776695,recipient_vs_cfDNA,573,0,1,0,0,bam2
MT,12385,C,5,497,5,0,0,0.037973578,0.150806849,recipient_vs_cfDNA,507,0.009861933,0.980276134,0.009861933,0,bam2
MT,12395,T,2,0,4,492,0,0.014670906,0.137856878,recipient_vs_cfDNA,498,0.004016064,0,0.008032129,0.987951807,bam2
MT,12410,A,501,5,3,3,0,0.03333054,0.122282593,recipient_vs_cfDNA,512,0.978515625,0.009765625,0.005859375,0.005859375,bam2
MT,12644,T,0,0,0,576,0,0.018739353,0.128564869,recipient_vs_cfDNA,576,0,0,0,1,bam2
MT,12825,T,0,0,0,508,0,0.000875746,0.176776695,recipient_vs_cfDNA,508,0,0,0,1,bam2
MT,13057,A,400,44,0,1,0,0.04431154,0.124275505,recipient_vs_cfDNA,445,0.898876404,0.098876404,0,0.002247191,bam2
MT,13062,A,426,7,1,0,0,0.003978113,0.203867111,recipient_vs_cfDNA,434,0.98156682,0.016129032,0.002304147,0,bam2
MT,13095,T,3,0,0,438,0,0.03081846,0.104308682,recipient_vs_cfDNA,441,0.006802721,0,0,0.993197279,bam2
MT,13105,A,442,0,0,0,0,0.028571429,0.108785659,recipient_vs_cfDNA,442,1,0,0,0,bam2
MT,13114,C,0,443,0,0,0,0.026373626,0.11785113,recipient_vs_cfDNA,443,0,1,0,0,bam2
MT,13138,G,0,0,440,1,0,0.039643653,0.153928007,recipient_vs_cfDNA,441,0,0,0.997732426,0.002267574,bam2
MT,13752,T,0,0,3,356,0,0.032049119,0.123082157,recipient_vs_cfDNA,359,0,0,0.008356546,0.991643454,bam2
MT,13753,T,0,0,0,353,0,0.03021978,0.128564869,recipient_vs_cfDNA,353,0,0,0,1,bam2
MT,13863,C,1,497,0,0,0,0.035222303,0.154295054,recipient_vs_cfDNA,498,0.002008032,0.997991968,0,0,bam2
MT,13892,C,0,509,0,0,0,0.026768642,0.101015254,recipient_vs_cfDNA,509,0,1,0,0,bam2
MT,14004,C,0,506,0,1,0,0.049421965,0.107418137,recipient_vs_cfDNA,507,0,0.998027613,0,0.001972387,bam2
MT,14148,A,499,0,1,0,0,0.046370475,0.116462679,recipient_vs_cfDNA,500,0.998,0,0.002,0,bam2
MT,14287,T,0,1,4,430,0,0.032703147,0.192606848,recipient_vs_cfDNA,435,0,0.002298851,0.009195402,0.988505747,bam2
MT,14291,T,1,0,0,438,0,0.039819032,0.155549139,recipient_vs_cfDNA,439,0.002277904,0,0,0.997722096,bam2
MT,14488,T,0,0,0,442,0,0.019955654,0.15713484,recipient_vs_cfDNA,442,0,0,0,1,bam2
MT,14494,T,1,0,5,431,0,0.043399932,0.146480013,recipient_vs_cfDNA,437,0.00228833,0,0.011441648,0.986270023,bam2
MT,14521,C,1,413,0,0,0,0.046668005,0.138005381,recipient_vs_cfDNA,414,0.002415459,0.997584541,0,0,bam2
MT,14540,T,0,0,0,400,0,0.019607843,0.176776695,recipient_vs_cfDNA,400,0,0,0,1,bam2
MT,14550,T,0,0,0,412,0,0.019047619,0.176776695,recipient_vs_cfDNA,412,0,0,0,1,bam2
MT,14560,G,0,0,412,0,0,0.023696682,0.141421356,recipient_vs_cfDNA,412,0,0,1,0,bam2
MT,14613,A,440,0,0,0,0,0.022222222,0.141421356,recipient_vs_cfDNA,440,1,0,0,0,bam2
MT,14800,C,0,479,0,3,0,0.001331738,0.184045145,recipient_vs_cfDNA,482,0,0.993775934,0,0.006224066,bam2
MT,14950,C,0,507,1,0,0,0.000769214,0.187185393,recipient_vs_cfDNA,508,0,0.998031496,0.001968504,0,bam2
MT,14956,T,1,0,0,514,0,0.000651601,0.200671578,recipient_vs_cfDNA,515,0.001941748,0,0,0.998058252,bam2
MT,14969,T,3,0,0,523,0,0.025677944,0.104985371,recipient_vs_cfDNA,526,0.005703422,0,0,0.994296578,bam2
MT,15210,A,540,0,0,1,0,0.02895776,0.174162622,recipient_vs_cfDNA,541,0.998151571,0,0,0.001848429,bam2
MT,15318,C,0,528,0,0,0,0.022222222,0.11785113,recipient_vs_cfDNA,528,0,1,0,0,bam2
MT,15320,C,1,533,0,0,0,0.047009663,0.106137319,recipient_vs_cfDNA,534,0.001872659,0.998127341,0,0,bam2
MT,15321,T,4,0,0,527,0,0.007501788,0.206918108,recipient_vs_cfDNA,531,0.007532957,0,0,0.992467043,bam2
MT,15342,T,0,0,0,523,0,0.026070764,0.101015254,recipient_vs_cfDNA,523,0,0,0,1,bam2
MT,15392,G,0,2,519,1,0,0.000655852,0.278841404,recipient_vs_cfDNA,522,0,0.003831418,0.994252874,0.001915709,bam2
MT,15419,A,498,0,0,0,0,0.02734375,0.101015254,recipient_vs_cfDNA,498,1,0,0,0,bam2
MT,15473,A,524,0,0,0,0,0.015037594,0.176776695,recipient_vs_cfDNA,524,1,0,0,0,bam2
MT,15484,A,502,0,0,2,0,0.040613992,0.19641855,recipient_vs_cfDNA,504,0.996031746,0,0,0.003968254,bam2
MT,15503,C,1,491,0,0,0,0.0278871,0.200608745,recipient_vs_cfDNA,492,0.00203252,0.99796748,0,0,bam2
MT,15854,T,0,0,0,466,0,0.021008403,0.141421356,recipient_vs_cfDNA,466,0,0,0,1,bam2
MT,15952,C,0,501,0,0,0,0.017647059,0.15713484,recipient_vs_cfDNA,501,0,1,0,0,bam2
MT,16240,A,418,0,1,0,0,0.037162868,0.175113487,recipient_vs_cfDNA,419,0.997613365,0,0.002386635,0,bam2
MT,16381,T,0,0,1,511,0,0.037983248,0.140060717,recipient_vs_cfDNA,512,0,0,0.001953125,0.998046875,bam2
MT,72,T,0,0,0,432,0,0.027027027,0.11785113,donor_vs_cfDNA,432,0,0,0,1,bam2
MT,89,T,0,0,0,450,0,0.028077754,0.108785659,donor_vs_cfDNA,450,0,0,0,1,bam2
MT,309,C,0,171,1,3,0,0.002601617,0.443175513,donor_vs_cfDNA,175,0,0.977142857,0.005714286,0.017142857,bam2
MT,369,C,0,300,0,0,0,0.044585987,0.101015254,donor_vs_cfDNA,300,0,1,0,0,bam2
MT,590,A,314,0,0,3,0,0.017644879,0.175178084,donor_vs_cfDNA,317,0.990536278,0,0,0.009463722,bam2
MT,635,C,0,435,0,0,0,0.031180401,0.101015254,donor_vs_cfDNA,435,0,1,0,0,bam2
MT,667,T,0,0,0,455,0,0.021505376,0.141421356,donor_vs_cfDNA,455,0,0,0,1,bam2
MT,691,A,445,0,0,1,0,0.034969999,0.175212775,donor_vs_cfDNA,446,0.997757848,0,0,0.002242152,bam2
MT,1045,G,0,0,477,0,0,0.024539877,0.11785113,donor_vs_cfDNA,477,0,0,1,0,bam2
MT,1205,T,0,2,0,444,0,0.029046651,0.105757479,donor_vs_cfDNA,446,0,0.004484305,0,0.995515695,bam2
MT,1209,C,0,449,0,0,0,0.026030369,0.11785113,donor_vs_cfDNA,449,0,1,0,0,bam2
MT,1305,A,515,0,0,0,0,0.001464639,0.116642369,donor_vs_cfDNA,515,1,0,0,0,bam2
MT,1769,C,1,528,0,0,0,0.04743846,0.106112287,donor_vs_cfDNA,529,0.001890359,0.998109641,0,0,bam2
MT,1934,T,0,0,0,506,0,0.026923077,0.101015254,donor_vs_cfDNA,506,0,0,0,1,bam2
MT,1974,A,484,0,0,0,0,0.02811245,0.101015254,donor_vs_cfDNA,484,1,0,0,0,bam2
MT,2150,T,1,0,0,501,0,0.049896113,0.1059685,donor_vs_cfDNA,502,0.001992032,0,0,0.998007968,bam2
MT,2169,A,474,0,0,0,0,0.028688525,0.101015254,donor_vs_cfDNA,474,1,0,0,0,bam2
MT,2305,T,1,0,0,514,0,0.037768084,0.13867531,donor_vs_cfDNA,515,0.001941748,0,0,0.998058252,bam2
MT,2464,G,0,1,555,0,0,0.024734044,0.200770818,donor_vs_cfDNA,556,0,0.001798561,0.998201439,0,bam2
MT,2721,G,0,0,524,1,0,0.006247053,0.106091919,donor_vs_cfDNA,525,0,0,0.998095238,0.001904762,bam2
MT,2945,A,598,0,0,0,0,0.00089983,0.148864586,donor_vs_cfDNA,598,1,0,0,0,bam2
MT,3063,G,0,0,510,2,0,0.003539678,0.120308117,donor_vs_cfDNA,512,0,0,0.99609375,0.00390625,bam2
MT,3815,A,523,0,0,0,0,0.018761726,0.141421356,donor_vs_cfDNA,523,1,0,0,0,bam2
MT,3886,A,543,0,0,1,0,0.046174909,0.107509406,donor_vs_cfDNA,544,0.998161765,0,0,0.001838235,bam2
MT,3902,A,567,1,0,0,0,0.040986243,0.115361318,donor_vs_cfDNA,568,0.998239437,0.001760563,0,0,bam2
MT,4145,T,1,0,0,431,0,0.044787146,0.138147714,donor_vs_cfDNA,432,0.002314815,0,0,0.997685185,bam2
MT,4252,C,2,441,0,0,0,0.026998529,0.114792021,donor_vs_cfDNA,443,0.004514673,0.995485327,0,0,bam2
MT,4274,T,0,0,0,458,0,0.025531915,0.11785113,donor_vs_cfDNA,458,0,0,0,1,bam2
MT,4408,G,1,0,452,0,0,0.030235862,0.200487797,donor_vs_cfDNA,453,0.002207506,0,0.997792494,0,bam2
MT,4428,G,0,0,476,0,0,0.026584867,0.108785659,donor_vs_cfDNA,476,0,0,1,0,bam2
MT,4774,T,0,0,0,308,0,0.025316456,0.176776695,donor_vs_cfDNA,308,0,0,0,1,bam2
MT,4776,G,0,0,308,0,0,0.031446541,0.141421356,donor_vs_cfDNA,308,0,0,1,0,bam2
MT,4863,A,514,0,0,1,0,0.005117065,0.120229047,donor_vs_cfDNA,515,0.998058252,0,0,0.001941748,bam2
MT,4988,C,0,474,1,0,0,0.048723604,0.116391048,donor_vs_cfDNA,475,0,0.997894737,0.002105263,0,bam2
MT,5007,G,0,0,450,1,0,0.034592003,0.173640967,donor_vs_cfDNA,451,0,0,0.997782705,0.002217295,bam2
MT,5103,A,492,0,0,1,0,0.039405004,0.138552769,donor_vs_cfDNA,493,0.997971602,0,0,0.002028398,bam2
MT,5645,G,0,0,435,0,0,0.031180401,0.101015254,donor_vs_cfDNA,435,0,0,1,0,bam2
MT,5683,A,398,0,0,0,0,0.03163017,0.108785659,donor_vs_cfDNA,398,1,0,0,0,bam2
MT,6516,G,0,1,507,0,0,0.038273974,0.140050167,donor_vs_cfDNA,508,0,0.001968504,0.998031496,0,bam2
MT,6562,T,0,0,0,509,0,0.026768642,0.101015254,donor_vs_cfDNA,509,0,0,0,1,bam2
MT,6751,T,0,0,0,450,0,0.030172414,0.101015254,donor_vs_cfDNA,450,0,0,0,1,bam2
MT,6883,T,11,0,0,458,0,0.017967335,0.116548285,donor_vs_cfDNA,469,0.023454158,0,0,0.976545842,bam2
MT,6997,T,0,0,0,483,0,0.028169014,0.101015254,donor_vs_cfDNA,483,0,0,0,1,bam2
MT,7000,T,0,0,0,474,0,0.024691358,0.11785113,donor_vs_cfDNA,474,0,0,0,1,bam2
MT,7574,C,0,463,0,0,0,0.029350105,0.101015254,donor_vs_cfDNA,463,0,1,0,0,bam2
MT,7585,A,481,0,1,0,0,0.002187838,0.199096456,donor_vs_cfDNA,482,0.997925311,0,0.002074689,0,bam2
MT,7717,A,523,0,0,0,0,0.018761726,0.141421356,donor_vs_cfDNA,523,1,0,0,0,bam2
MT,7726,A,517,0,0,0,0,0.020833333,0.128564869,donor_vs_cfDNA,517,1,0,0,0,bam2
MT,7777,C,0,498,0,0,0,0.02734375,0.101015254,donor_vs_cfDNA,498,0,1,0,0,bam2
MT,7786,C,0,500,0,0,0,0.027237354,0.101015254,donor_vs_cfDNA,500,0,1,0,0,bam2
MT,7928,G,0,3,497,1,0,0.03978673,0.134564398,donor_vs_cfDNA,501,0,0.005988024,0.992015968,0.001996008,bam2
MT,7949,A,491,0,0,0,0,0.021912351,0.128564869,donor_vs_cfDNA,491,1,0,0,0,bam2
MT,8100,C,1,540,0,0,0,0.046422206,0.106171586,donor_vs_cfDNA,541,0.001848429,0.998151571,0,0,bam2
MT,8233,A,401,0,0,0,0,0.03373494,0.101015254,donor_vs_cfDNA,401,1,0,0,0,bam2
MT,8253,C,0,417,0,0,0,0.000718907,0.23570226,donor_vs_cfDNA,417,0,1,0,0,bam2
MT,8279,T,1,0,4,399,0,0.045557724,0.147133802,donor_vs_cfDNA,404,0.002475248,0,0.00990099,0.987623762,bam2
MT,8298,T,4,0,1,399,0,0.035249281,0.191912409,donor_vs_cfDNA,404,0.00990099,0,0.002475248,0.987623762,bam2
MT,8332,A,435,0,0,1,0,0.048665242,0.12532126,donor_vs_cfDNA,436,0.997706422,0,0,0.002293578,bam2
MT,8371,C,0,475,0,0,0,0.028629857,0.101015254,donor_vs_cfDNA,475,0,1,0,0,bam2
MT,8446,A,488,0,0,0,0,0.016129032,0.176776695,donor_vs_cfDNA,488,1,0,0,0,bam2
MT,8452,A,482,0,0,0,0,0.014314928,0.202030509,donor_vs_cfDNA,482,1,0,0,0,bam2
MT,8490,T,0,0,1,461,0,0.037891313,0.155626886,donor_vs_cfDNA,462,0,0,0.002164502,0.997835498,bam2
MT,8506,T,1,0,0,462,0,0.033717306,0.173722238,donor_vs_cfDNA,463,0.002159827,0,0,0.997840173,bam2
MT,8519,G,0,0,452,0,0,0.025862069,0.11785113,donor_vs_cfDNA,452,0,0,1,0,bam2
MT,8758,T,0,1,0,456,0,0.046505244,0.127045859,donor_vs_cfDNA,457,0,0.002188184,0,0.997811816,bam2
MT,9844,C,0,528,0,0,0,0.020408163,0.128564869,donor_vs_cfDNA,528,0,1,0,0,bam2
MT,10041,A,530,0,0,0,0,0.020332717,0.128564869,donor_vs_cfDNA,530,1,0,0,0,bam2
MT,10071,T,0,0,0,562,0,0.022608696,0.108785659,donor_vs_cfDNA,562,0,0,0,1,bam2
MT,10076,T,0,0,0,569,0,0.020654045,0.11785113,donor_vs_cfDNA,569,0,0,0,1,bam2
MT,10254,G,0,0,497,0,0,0.025490196,0.108785659,donor_vs_cfDNA,497,0,0,1,0,bam2
MT,10509,A,565,0,0,1,0,0.024304666,0.200792863,donor_vs_cfDNA,566,0.998233216,0,0,0.001766784,bam2
MT,10545,C,2,569,0,0,0,0.013982519,0.174352746,donor_vs_cfDNA,571,0.003502627,0.996497373,0,0,bam2
MT,10878,T,0,0,0,477,0,0.000553153,0.23570226,donor_vs_cfDNA,477,0,0,0,1,bam2
MT,10884,T,1,0,0,481,0,0.048040995,0.116411838,donor_vs_cfDNA,482,0.002074689,0,0,0.997925311,bam2
MT,10952,C,0,273,0,0,0,0.035335689,0.141421356,donor_vs_cfDNA,273,0,1,0,0,bam2
MT,11015,A,438,2,0,0,0,0.013602709,0.232554781,donor_vs_cfDNA,440,0.995454545,0.004545455,0,0,bam2
MT,11719,G,0,1,486,1,0,0.005297859,0.101940999,donor_vs_cfDNA,488,0,0.00204918,0.995901639,0.00204918,bam2
MT,11806,A,516,0,0,0,0,0.019011407,0.141421356,donor_vs_cfDNA,516,1,0,0,0,bam2
MT,11873,A,466,0,0,1,0,0.033435487,0.173748401,donor_vs_cfDNA,467,0.997858672,0,0,0.002141328,bam2
MT,11928,A,468,0,0,0,0,0.018867925,0.15713484,donor_vs_cfDNA,468,1,0,0,0,bam2
MT,11932,C,1,467,0,0,0,0.037418741,0.15564593,donor_vs_cfDNA,468,0.002136752,0.997863248,0,0,bam2
MT,11938,C,0,467,0,0,0,0.020964361,0.141421356,donor_vs_cfDNA,467,0,1,0,0,bam2
MT,11940,T,0,0,0,465,0,0.021052632,0.141421356,donor_vs_cfDNA,465,0,0,0,1,bam2
MT,12080,C,0,470,0,0,0,0.02892562,0.101015254,donor_vs_cfDNA,470,0,1,0,0,bam2
MT,12132,C,1,485,0,0,0,0.043819368,0.125654965,donor_vs_cfDNA,486,0.002057613,0.997942387,0,0,bam2
MT,12151,A,504,0,0,1,0,0.034746399,0.155753512,donor_vs_cfDNA,505,0.998019802,0,0,0.001980198,bam2
MT,12201,T,0,0,0,582,0,0.016891892,0.141421356,donor_vs_cfDNA,582,0,0,0,1,bam2
MT,12203,T,1,0,0,581,0,0.033526547,0.138991436,donor_vs_cfDNA,582,0.001718213,0,0,0.998281787,bam2
MT,12240,C,0,573,0,0,0,0.013769363,0.176776695,donor_vs_cfDNA,573,0,1,0,0,bam2
MT,12385,C,5,497,5,0,0,0.037973578,0.150806849,donor_vs_cfDNA,507,0.009861933,0.980276134,0.009861933,0,bam2
MT,12395,T,2,0,4,492,0,0.014670906,0.137856878,donor_vs_cfDNA,498,0.004016064,0,0.008032129,0.987951807,bam2
MT,12410,A,501,5,3,3,0,0.03333054,0.122282593,donor_vs_cfDNA,512,0.978515625,0.009765625,0.005859375,0.005859375,bam2
MT,12644,T,0,0,0,576,0,0.018739353,0.128564869,donor_vs_cfDNA,576,0,0,0,1,bam2
MT,12825,T,0,0,0,508,0,0.000875746,0.176776695,donor_vs_cfDNA,508,0,0,0,1,bam2
MT,13057,A,400,44,0,1,0,0.04431154,0.124275505,donor_vs_cfDNA,445,0.898876404,0.098876404,0,0.002247191,bam2
MT,13062,A,426,7,1,0,0,0.003978113,0.203867111,donor_vs_cfDNA,434,0.98156682,0.016129032,0.002304147,0,bam2
MT,13095,T,3,0,0,438,0,0.03081846,0.104308682,donor_vs_cfDNA,441,0.006802721,0,0,0.993197279,bam2
MT,13105,A,442,0,0,0,0,0.028571429,0.108785659,donor_vs_cfDNA,442,1,0,0,0,bam2
MT,13114,C,0,443,0,0,0,0.026373626,0.11785113,donor_vs_cfDNA,443,0,1,0,0,bam2
MT,13138,G,0,0,440,1,0,0.039643653,0.153928007,donor_vs_cfDNA,441,0,0,0.997732426,0.002267574,bam2
MT,13752,T,0,0,3,356,0,0.032049119,0.123082157,donor_vs_cfDNA,359,0,0,0.008356546,0.991643454,bam2
MT,13753,T,0,0,0,353,0,0.03021978,0.128564869,donor_vs_cfDNA,353,0,0,0,1,bam2
MT,13863,C,1,497,0,0,0,0.035222303,0.154295054,donor_vs_cfDNA,498,0.002008032,0.997991968,0,0,bam2
MT,13892,C,0,509,0,0,0,0.026768642,0.101015254,donor_vs_cfDNA,509,0,1,0,0,bam2
MT,14004,C,0,506,0,1,0,0.049421965,0.107418137,donor_vs_cfDNA,507,0,0.998027613,0,0.001972387,bam2
MT,14148,A,499,0,1,0,0,0.046370475,0.116462679,donor_vs_cfDNA,500,0.998,0,0.002,0,bam2
MT,14287,T,0,1,4,430,0,0.032703147,0.192606848,donor_vs_cfDNA,435,0,0.002298851,0.009195402,0.988505747,bam2
MT,14291,T,1,0,0,438,0,0.039819032,0.155549139,donor_vs_cfDNA,439,0.002277904,0,0,0.997722096,bam2
MT,14488,T,0,0,0,442,0,0.019955654,0.15713484,donor_vs_cfDNA,442,0,0,0,1,bam2
MT,14494,T,1,0,5,431,0,0.043399932,0.146480013,donor_vs_cfDNA,437,0.00228833,0,0.011441648,0.986270023,bam2
MT,14521,C,1,413,0,0,0,0.046668005,0.138005381,donor_vs_cfDNA,414,0.002415459,0.997584541,0,0,bam2
MT,14540,T,0,0,0,400,0,0.019607843,0.176776695,donor_vs_cfDNA,400,0,0,0,1,bam2
MT,14550,T,0,0,0,412,0,0.019047619,0.176776695,donor_vs_cfDNA,412,0,0,0,1,bam2
MT,14560,G,0,0,412,0,0,0.023696682,0.141421356,donor_vs_cfDNA,412,0,0,1,0,bam2
MT,14613,A,440,0,0,0,0,0.022222222,0.141421356,donor_vs_cfDNA,440,1,0,0,0,bam2
MT,14800,C,0,479,0,3,0,0.001331738,0.184045145,donor_vs_cfDNA,482,0,0.993775934,0,0.006224066,bam2
MT,14950,C,0,507,1,0,0,0.000769214,0.187185393,donor_vs_cfDNA,508,0,0.998031496,0.001968504,0,bam2
MT,14956,T,1,0,0,514,0,0.000651601,0.200671578,donor_vs_cfDNA,515,0.001941748,0,0,0.998058252,bam2
MT,14969,T,3,0,0,523,0,0.025677944,0.104985371,donor_vs_cfDNA,526,0.005703422,0,0,0.994296578,bam2
MT,15210,A,540,0,0,1,0,0.02895776,0.174162622,donor_vs_cfDNA,541,0.998151571,0,0,0.001848429,bam2
MT,15318,C,0,528,0,0,0,0.022222222,0.11785113,donor_vs_cfDNA,528,0,1,0,0,bam2
MT,15320,C,1,533,0,0,0,0.047009663,0.106137319,donor_vs_cfDNA,534,0.001872659,0.998127341,0,0,bam2
MT,15321,T,4,0,0,527,0,0.007501788,0.206918108,donor_vs_cfDNA,531,0.007532957,0,0,0.992467043,bam2
MT,15342,T,0,0,0,523,0,0.026070764,0.101015254,donor_vs_cfDNA,523,0,0,0,1,bam2
MT,15392,G,0,2,519,1,0,0.000655852,0.278841404,donor_vs_cfDNA,522,0,0.003831418,0.994252874,0.001915709,bam2
MT,15419,A,498,0,0,0,0,0.02734375,0.101015254,donor_vs_cfDNA,498,1,0,0,0,bam2
MT,15473,A,524,0,0,0,0,0.015037594,0.176776695,donor_vs_cfDNA,524,1,0,0,0,bam2
MT,15484,A,502,0,0,2,0,0.040613992,0.19641855,donor_vs_cfDNA,504,0.996031746,0,0,0.003968254,bam2
MT,15503,C,1,491,0,0,0,0.0278871,0.200608745,donor_vs_cfDNA,492,0.00203252,0.99796748,0,0,bam2
MT,15854,T,0,0,0,466,0,0.021008403,0.141421356,donor_vs_cfDNA,466,0,0,0,1,bam2
MT,15952,C,0,501,0,0,0,0.017647059,0.15713484,donor_vs_cfDNA,501,0,1,0,0,bam2
MT,16240,A,418,0,1,0,0,0.037162868,0.175113487,donor_vs_cfDNA,419,0.997613365,0,0.002386635,0,bam2
MT,16381,T,0,0,1,511,0,0.037983248,0.140060717,donor_vs_cfDNA,512,0,0,0.001953125,0.998046875,bam2
MT,64,C,1,5,0,646,0,4.17E-298,1.398896672,donor_vs_recipient,652,0.001533742,0.007668712,0,0.990797546,bam2
MT,73,A,3,0,676,0,0,7.83224234956055e-317,1.407965196,donor_vs_recipient,679,0.004418262,0,0.995581738,0,bam2
MT,146,T,1,671,0,1,0,0,1.4110627,donor_vs_recipient,673,0.001485884,0.997028232,0,0.001485884,bam2
MT,152,T,0,1,1,646,0,0,1.410941186,donor_vs_recipient,648,0,0.00154321,0.00154321,0.99691358,bam2
MT,153,A,0,0,658,0,0,0,1.414213562,donor_vs_recipient,658,0,0,1,0,bam2
MT,235,A,3,1,602,0,0,4.40E-288,1.406047115,donor_vs_recipient,606,0.004950495,0.001650165,0.99339934,0,bam2
MT,515,A,52,4,19,1,0,1.28E-15,0.387150511,donor_vs_recipient,76,0.684210526,0.052631579,0.25,0.013157895,bam2
MT,663,A,7,5,691,0,0,9.53546696473606e-321,1.395129763,donor_vs_recipient,703,0.009957326,0.007112376,0.982930299,0,bam2
MT,1736,A,5,1,733,1,0,0,1.400025209,donor_vs_recipient,740,0.006756757,0.001351351,0.990540541,0.001351351,bam2
MT,2706,A,0,0,836,0,0,0,1.407847354,donor_vs_recipient,836,0,0,1,0,bam2
MT,4248,T,1,618,0,7,0,3.73E-295,1.395637341,donor_vs_recipient,626,0.001597444,0.987220447,0,0.011182109,bam2
MT,4812,G,0,1,591,0,0,7.16E-282,1.411824688,donor_vs_recipient,592,0,0.001689189,0.998310811,0,bam2
MT,4824,A,4,0,614,1,0,2.81E-293,1.403933921,donor_vs_recipient,619,0.006462036,0,0.991922456,0.001615509,bam2
MT,6776,T,0,0,1,611,0,3.22265858572554e-312,1.406924166,donor_vs_recipient,612,0,0,0.001633987,0.998366013,bam2
MT,7028,C,0,0,1,626,0,0.00E+00,1.411440455,donor_vs_recipient,627,0,0,0.001594896,0.998405104,bam2
MT,8027,G,761,1,2,1,0,0,1.408670053,donor_vs_recipient,765,0.994771242,0.00130719,0.002614379,0.00130719,bam2
MT,8794,C,0,5,0,449,0,3.71E-218,1.396461211,donor_vs_recipient,454,0,0.011013216,0,0.988986784,bam2
MT,11380,A,5,0,731,0,0,0,1.403253484,donor_vs_recipient,736,0.006793478,0,0.993206522,0,bam2
MT,11719,G,768,2,5,1,0,0,1.399470039,donor_vs_recipient,776,0.989690722,0.00257732,0.006443299,0.00128866,bam2
MT,12007,G,752,1,6,1,0,0,1.392126688,donor_vs_recipient,760,0.989473684,0.001315789,0.007894737,0.001315789,bam2
MT,12705,C,4,7,0,818,0,0,1.385523678,donor_vs_recipient,829,0.00482509,0.008443908,0,0.986731001,bam2
MT,14745,C,2,3,0,753,0,0,1.40208661,donor_vs_recipient,758,0.002638522,0.003957784,0,0.993403694,bam2
MT,14766,C,5,2,0,738,0,0,1.405695365,donor_vs_recipient,745,0.006711409,0.002684564,0,0.990604027,bam2
MT,16111,C,3,4,0,720,0,0,1.40207391,donor_vs_recipient,727,0.004126547,0.005502063,0,0.990371389,bam2
MT,16223,C,1,3,1,644,0,1.60E-303,1.402158958,donor_vs_recipient,649,0.001540832,0.004622496,0.001540832,0.99229584,bam2
MT,16290,C,0,2,0,676,0,0,1.410041841,donor_vs_recipient,678,0,0.002949853,0,0.997050147,bam2
MT,16319,G,708,3,8,3,0,0,1.389784737,donor_vs_recipient,722,0.980609418,0.004155125,0.011080332,0.004155125,bam2
MT,16362,T,0,727,2,14,0,0,1.382826114,donor_vs_recipient,743,0,0.97846568,0.00269179,0.01884253,bam2