"","chr","pos","ref","A1","C1","G1","T1","N1","A2","C2","G2","T2","N2","p.value","d.value","comparison","bam1_total_reads","bam2_total_reads","bam1:A AF","bam1:C AF","bam1:G AF","bam1:T AF","bam2:A AF","bam2:C AF","bam2:G AF","bam2:T AF"
"1","MT",63,"T",1,0,0,413,0,0,0,1,10,0,0.0511542730299824,0.126891371461465,"recipient_vs_cfDNA",414,11,0.00241545893719807,0,0,0.997584541062802,0,0,0.0909090909090909,0.909090909090909
"2","MT",72,"T",0,0,0,432,0,1,0,0,11,0,0.027027027027027,0.117851130197758,"recipient_vs_cfDNA",432,12,0,0,0,1,0.0833333333333333,0,0,0.916666666666667
"3","MT",89,"T",0,0,0,449,0,0,1,0,12,0,0.0281385281385282,0.108785658644084,"recipient_vs_cfDNA",449,13,0,0,0,1,0,0.0769230769230769,0,0.923076923076923
"4","MT",309,"C",0,171,1,3,0,0,6,0,3,0,0.00260161664107179,0.443175512802086,"recipient_vs_cfDNA",175,9,0,0.977142857142857,0.00571428571428571,0.0171428571428571,0,0.666666666666667,0,0.333333333333333
"5","MT",333,"T",1,0,0,210,0,1,0,0,11,0,0.104956974912132,0.111148696252862,"recipient_vs_cfDNA",211,12,0.004739336492891,0,0,0.995260663507109,0.0833333333333333,0,0,0.916666666666667
"6","MT",338,"C",0,227,0,0,0,1,11,0,0,0,0.0502092050209206,0.117851130197758,"recipient_vs_cfDNA",227,12,0,1,0,0,0.0833333333333333,0.916666666666667,0,0
"7","MT",369,"C",0,300,0,0,0,1,13,0,0,0,0.0445859872611465,0.101015254455221,"recipient_vs_cfDNA",300,14,0,1,0,0,0.0714285714285714,0.928571428571429,0,0
"8","MT",432,"A",289,12,5,3,0,12,1,0,1,0,0.131334835100579,0.106010181139849,"recipient_vs_cfDNA",309,14,0.935275080906149,0.0388349514563107,0.0161812297734628,0.00970873786407767,0.857142857142857,0.0714285714285714,0,0.0714285714285714
"9","MT",445,"C",1,301,0,0,0,1,9,0,0,0,0.0631750350399867,0.136738529871836,"recipient_vs_cfDNA",302,10,0.0033112582781457,0.996688741721854,0,0,0.1,0.9,0,0
"10","MT",460,"T",4,0,5,258,0,0,0,1,9,0,0.311966988396627,0.105945517037494,"recipient_vs_cfDNA",267,10,0.0149812734082397,0,0.0187265917602996,0.966292134831461,0,0,0.1,0.9
"11","MT",464,"A",251,11,1,2,0,8,1,0,1,0,0.0790069797824235,0.183417189577581,"recipient_vs_cfDNA",265,10,0.947169811320755,0.0415094339622641,0.00377358490566038,0.00754716981132075,0.8,0.1,0,0.1
"12","MT",505,"C",4,253,2,0,0,2,14,0,0,0,0.0724536158682516,0.149774169979716,"recipient_vs_cfDNA",259,16,0.0154440154440154,0.976833976833977,0.00772200772200772,0,0.125,0.875,0,0
"13","MT",507,"T",12,0,9,236,0,0,0,0,16,0,0.999999999998986,0.100416248253416,"recipient_vs_cfDNA",257,16,0.0466926070038911,0,0.0350194552529183,0.918287937743191,0,0,0,1
"14","MT",546,"A",227,40,3,0,0,13,1,0,0,0,0.742963719015655,0.117147684428529,"recipient_vs_cfDNA",270,14,0.840740740740741,0.148148148148148,0.0111111111111111,0,0.928571428571429,0.0714285714285714,0,0
"15","MT",550,"A",257,22,0,1,0,16,0,0,0,0,0.639037686650879,0.113726309486362,"recipient_vs_cfDNA",280,16,0.917857142857143,0.0785714285714286,0,0.00357142857142857,1,0,0,0
"16","MT",590,"A",314,0,0,3,0,13,0,0,2,0,0.0176448794207503,0.175178083751368,"recipient_vs_cfDNA",317,15,0.990536277602524,0,0,0.00946372239747634,0.866666666666667,0,0,0.133333333333333
"17","MT",607,"C",1,360,0,0,0,0,12,1,0,0,0.0684004530400919,0.106880772902631,"recipient_vs_cfDNA",361,13,0.00277008310249307,0.997229916897507,0,0,0,0.923076923076923,0.0769230769230769,0
"18","MT",615,"A",364,0,0,1,0,11,0,0,1,0,0.0627292736610419,0.113976572492626,"recipient_vs_cfDNA",365,12,0.997260273972603,0,0,0.00273972602739726,0.916666666666667,0,0,0.0833333333333333
"19","MT",619,"T",1,0,0,374,0,1,0,0,11,0,0.0611318632767,0.11407989403143,"recipient_vs_cfDNA",375,12,0.00266666666666667,0,0,0.997333333333333,0.0833333333333333,0,0,0.916666666666667
"20","MT",634,"T",1,0,0,424,0,1,0,0,10,0,0.0498787303595908,0.125237307983414,"recipient_vs_cfDNA",425,11,0.00235294117647059,0,0,0.997647058823529,0.0909090909090909,0,0,0.909090909090909
"21","MT",635,"C",0,430,0,0,0,1,10,0,0,0,0.0249433106575964,0.128564869306645,"recipient_vs_cfDNA",430,11,0,1,0,0,0.0909090909090909,0.909090909090909,0,0
"22","MT",1045,"G",0,0,450,0,0,0,0,10,1,0,0.0238611713665944,0.128564869306645,"recipient_vs_cfDNA",450,11,0,0,1,0,0,0,0.909090909090909,0.0909090909090909
"23","MT",1086,"C",0,383,1,0,0,0,10,0,1,0,0.0549893979309948,0.12676357575978,"recipient_vs_cfDNA",384,11,0,0.997395833333333,0.00260416666666667,0,0,0.909090909090909,0,0.0909090909090909
"24","MT",1165,"C",0,319,0,1,0,1,7,0,0,0,0.0482583724919673,0.174608938058737,"recipient_vs_cfDNA",320,8,0,0.996875,0,0.003125,0.125,0.875,0,0
"25","MT",1175,"G",0,0,320,0,0,0,1,7,0,0,0.024390243902439,0.176776695296637,"recipient_vs_cfDNA",320,8,0,0,1,0,0,0.125,0.875,0
"26","MT",1205,"T",0,2,0,361,0,1,0,0,6,0,0.0192223639333875,0.198249477793488,"recipient_vs_cfDNA",363,7,0,0.00550964187327824,0,0.994490358126722,0.142857142857143,0,0,0.857142857142857
"27","MT",1259,"T",4,0,0,495,0,1,0,0,6,0,0.0675425590701879,0.190694127648934,"recipient_vs_cfDNA",499,7,0.00801603206412826,0,0,0.991983967935872,0.142857142857143,0,0,0.857142857142857
"28","MT",1305,"A",511,0,0,0,0,17,0,1,1,0,0.00121981667082741,0.128920512778062,"recipient_vs_cfDNA",511,19,1,0,0,0,0.894736842105263,0,0.0526315789473684,0.0526315789473684
"29","MT",1769,"C",1,528,0,0,0,1,12,0,0,0,0.0474384595971652,0.1061122870706,"recipient_vs_cfDNA",529,13,0.00189035916824197,0.998109640831758,0,0,0.0769230769230769,0.923076923076923,0,0
"30","MT",1934,"T",0,0,0,506,0,0,1,0,12,0,0.0250481695568401,0.108785658644084,"recipient_vs_cfDNA",506,13,0,0,0,1,0,0.0769230769230769,0,0.923076923076923
"31","MT",2003,"A",478,1,0,0,0,11,1,0,0,0,0.0483311858348227,0.114898701048754,"recipient_vs_cfDNA",479,12,0.997912317327766,0.00208768267223382,0,0,0.916666666666667,0.0833333333333333,0,0
"32","MT",2150,"T",1,0,0,500,0,1,0,0,12,0,0.0499920358613785,0.105962877082461,"recipient_vs_cfDNA",501,13,0.00199600798403194,0,0,0.998003992015968,0.0769230769230769,0,0,0.923076923076923
"33","MT",2169,"A",473,0,0,0,0,13,0,1,0,0,0.028747433264887,0.101015254455221,"recipient_vs_cfDNA",473,14,1,0,0,0,0.928571428571429,0,0.0714285714285714,0
"34","MT",2305,"T",1,0,0,514,0,1,0,0,9,0,0.0377680843329699,0.138675310485129,"recipient_vs_cfDNA",515,10,0.00194174757281553,0,0,0.998058252427184,0.1,0,0,0.9
"35","MT",2464,"G",0,1,552,0,0,0,0,6,1,0,0.0248658318425554,0.200764051063315,"recipient_vs_cfDNA",553,7,0,0.00180831826401447,0.998191681735985,0,0,0,0.857142857142857,0.142857142857143
"36","MT",2721,"G",0,0,524,1,0,0,0,24,2,0,0.00624705295795119,0.106091918525278,"recipient_vs_cfDNA",525,26,0,0,0.998095238095238,0.0019047619047619,0,0,0.923076923076923,0.0769230769230769
"37","MT",2945,"A",598,0,0,0,0,17,0,0,2,0,0.000899829505988339,0.148864585512957,"recipient_vs_cfDNA",598,19,1,0,0,0,0.894736842105263,0,0,0.105263157894737
"38","MT",3063,"G",0,0,510,2,0,0,2,21,0,0,0.00353967768705776,0.120308117340327,"recipient_vs_cfDNA",512,23,0,0,0.99609375,0.00390625,0,0.0869565217391304,0.91304347826087,0
"39","MT",3107,"N",1,2,0,15,0,0,0,0,1,0,1,0.207869854820774,"recipient_vs_cfDNA",18,1,0.0555555555555556,0.111111111111111,0,0.833333333333333,0,0,0,1
"40","MT",3541,"C",2,385,0,0,0,0,12,1,0,0,0.0334504288359046,0.105321719305478,"recipient_vs_cfDNA",387,13,0.00516795865633075,0.994832041343669,0,0,0,0.923076923076923,0.0769230769230769,0
"41","MT",3572,"T",2,11,6,189,0,0,0,0,9,0,0.999999999999921,0.109842881334576,"recipient_vs_cfDNA",208,9,0.00961538461538462,0.0528846153846154,0.0288461538461538,0.908653846153846,0,0,0,1
"42","MT",3578,"T",4,2,2,211,0,0,0,1,9,0,0.209921508145727,0.11270494237882,"recipient_vs_cfDNA",219,10,0.0182648401826484,0.0091324200913242,0.0091324200913242,0.963470319634703,0,0,0.1,0.9
"43","MT",3584,"A",233,2,0,1,0,10,1,0,0,0,0.16753942891162,0.113702286903055,"recipient_vs_cfDNA",236,11,0.98728813559322,0.00847457627118644,0,0.00423728813559322,0.909090909090909,0.0909090909090909,0,0
"44","MT",3815,"A",522,0,0,0,0,8,1,0,0,0,0.0169491525423729,0.157134840263677,"recipient_vs_cfDNA",522,9,1,0,0,0,0.888888888888889,0.111111111111111,0,0
"45","MT",3835,"C",2,538,0,0,0,1,8,0,0,0,0.0484654294782709,0.151897012254888,"recipient_vs_cfDNA",540,9,0.0037037037037037,0.996296296296296,0,0,0.111111111111111,0.888888888888889,0,0
"46","MT",3886,"A",543,0,0,1,0,12,1,0,0,0,0.0461749092646811,0.107509405703669,"recipient_vs_cfDNA",544,13,0.998161764705882,0,0,0.00183823529411765,0.923076923076923,0.0769230769230769,0,0
"47","MT",3902,"A",567,1,0,0,0,11,1,0,0,0,0.0409862426299804,0.115361317587946,"recipient_vs_cfDNA",568,12,0.998239436619718,0.00176056338028169,0,0,0.916666666666667,0.0833333333333333,0,0
"48","MT",4042,"A",515,0,0,1,0,11,0,0,1,0,0.0449801621528376,0.115110406239671,"recipient_vs_cfDNA",516,12,0.998062015503876,0,0,0.00193798449612403,0.916666666666667,0,0,0.0833333333333333
"49","MT",4066,"C",1,534,1,0,0,0,12,1,0,0,0.0694930966439063,0.104852871641119,"recipient_vs_cfDNA",536,13,0.00186567164179104,0.996268656716418,0.00186567164179104,0,0,0.923076923076923,0.0769230769230769,0
"50","MT",4249,"C",2,360,0,0,0,1,8,0,0,0,0.071212689252266,0.149321505664931,"recipient_vs_cfDNA",362,9,0.00552486187845304,0.994475138121547,0,0,0.111111111111111,0.888888888888889,0,0
"51","MT",4252,"C",1,375,0,0,0,0,8,1,0,0,0.0462662337662306,0.155288403137294,"recipient_vs_cfDNA",376,9,0.00265957446808511,0.997340425531915,0,0,0,0.888888888888889,0.111111111111111,0
"52","MT",4309,"G",0,0,521,1,0,0,0,9,1,0,0.0372753918695043,0.138712134853453,"recipient_vs_cfDNA",522,10,0,0,0.998084291187739,0.00191570881226054,0,0,0.9,0.1
"53","MT",4343,"A",443,0,0,1,0,8,1,0,0,0,0.039383461290511,0.15556671496373,"recipient_vs_cfDNA",444,9,0.997747747747748,0,0,0.00225225225225225,0.888888888888889,0.111111111111111,0,0
"54","MT",4408,"G",1,0,391,0,0,0,1,3,0,0,0.0201253036696056,0.35176342221181,"recipient_vs_cfDNA",392,4,0.00255102040816327,0,0.997448979591837,0,0,0.25,0.75,0
"55","MT",4428,"G",0,0,437,0,0,0,1,7,0,0,0.0179775280898877,0.176776695296637,"recipient_vs_cfDNA",437,8,0,0,1,0,0,0.125,0.875,0
"56","MT",4429,"G",0,0,439,1,0,0,1,7,0,0,0.0354346436561277,0.175191748550925,"recipient_vs_cfDNA",440,8,0,0,0.997727272727273,0.00227272727272727,0,0.125,0.875,0
"57","MT",4439,"C",0,468,1,0,0,1,8,0,0,0,0.0373411226020229,0.155649057743035,"recipient_vs_cfDNA",469,9,0,0.997867803837953,0.00213219616204691,0,0.111111111111111,0.888888888888889,0,0
"58","MT",4447,"T",3,0,0,474,0,1,0,0,8,0,0.0722589298441953,0.148240415343092,"recipient_vs_cfDNA",477,9,0.00628930817610063,0,0,0.993710691823899,0.111111111111111,0,0,0.888888888888889
"59","MT",4730,"C",2,286,0,0,0,1,5,0,0,0,0.0601844739953113,0.225881332879036,"recipient_vs_cfDNA",288,6,0.00694444444444444,0.993055555555556,0,0,0.166666666666667,0.833333333333333,0,0
"60","MT",4831,"G",0,0,392,0,0,0,0,8,1,0,0.0224438902743142,0.157134840263677,"recipient_vs_cfDNA",392,9,0,0,1,0,0,0,0.888888888888889,0.111111111111111
"61","MT",4835,"C",0,409,0,0,0,1,8,0,0,0,0.0215311004784689,0.157134840263677,"recipient_vs_cfDNA",409,9,0,1,0,0,0.111111111111111,0.888888888888889,0,0
"62","MT",4863,"A",502,0,0,1,0,14,0,0,2,0,0.00262980462217948,0.173965137518559,"recipient_vs_cfDNA",503,16,0.998011928429423,0,0,0.00198807157057654,0.875,0,0,0.125
"63","MT",4988,"C",0,472,1,0,0,1,7,0,0,0,0.0330214830214875,0.17530087894895,"recipient_vs_cfDNA",473,8,0,0.997885835095137,0.00211416490486258,0,0.125,0.875,0,0
"64","MT",5007,"G",0,0,434,1,0,0,0,3,1,0,0.0181608262863918,0.350302324932646,"recipient_vs_cfDNA",435,4,0,0,0.997701149425287,0.00229885057471264,0,0,0.75,0.25
"65","MT",5126,"C",0,498,0,0,0,1,11,0,0,0,0.0235294117647059,0.117851130197758,"recipient_vs_cfDNA",498,12,0,1,0,0,0.0833333333333333,0.916666666666667,0,0
"66","MT",5135,"C",0,502,1,0,0,1,11,0,0,0,0.0461032828378239,0.116470805287272,"recipient_vs_cfDNA",503,12,0,0.998011928429423,0.00198807157057654,0,0.0833333333333333,0.916666666666667,0,0
"67","MT",5153,"A",512,0,0,0,0,12,0,0,1,0,0.0247619047619048,0.108785658644084,"recipient_vs_cfDNA",512,13,1,0,0,0,0.923076923076923,0,0,0.0769230769230769
"68","MT",5190,"A",437,0,0,0,0,13,0,0,1,0,0.0310421286031042,0.101015254455221,"recipient_vs_cfDNA",437,14,1,0,0,0,0.928571428571429,0,0,0.0714285714285714
"69","MT",5389,"T",1,0,0,474,0,0,0,1,9,0,0.040853710488186,0.139956463353248,"recipient_vs_cfDNA",475,10,0.00210526315789474,0,0,0.997894736842105,0,0,0.1,0.9
"70","MT",5412,"T",0,0,0,473,0,1,0,0,12,0,0.0267489711934156,0.108785658644084,"recipient_vs_cfDNA",473,13,0,0,0,1,0.0769230769230769,0,0,0.923076923076923
"71","MT",5421,"G",0,2,477,1,0,0,0,12,1,0,0.101675111350553,0.103019571603967,"recipient_vs_cfDNA",480,13,0,0.00416666666666667,0.99375,0.00208333333333333,0,0,0.923076923076923,0.0769230769230769
"72","MT",5432,"A",458,7,0,1,0,9,2,0,0,0,0.0196934307989549,0.234383526598363,"recipient_vs_cfDNA",466,11,0.982832618025751,0.0150214592274678,0,0.00214592274678112,0.818181818181818,0.181818181818182,0,0
"73","MT",5436,"A",460,8,0,0,0,9,1,0,0,0,0.174619463776953,0.117246765427513,"recipient_vs_cfDNA",468,10,0.982905982905983,0.0170940170940171,0,0,0.9,0.1,0,0
"74","MT",5464,"T",4,0,1,478,0,0,0,1,8,0,0.0379917468787953,0.14869723511732,"recipient_vs_cfDNA",483,9,0.0082815734989648,0,0.0020703933747412,0.989648033126294,0,0,0.111111111111111,0.888888888888889
"75","MT",5473,"T",2,0,2,475,0,1,0,0,8,0,0.0892268924676147,0.148365707570645,"recipient_vs_cfDNA",479,9,0.00417536534446764,0,0.00417536534446764,0.991649269311065,0.111111111111111,0,0,0.888888888888889
"76","MT",5479,"T",4,0,4,477,0,1,0,0,8,0,0.153671594709136,0.140004271802563,"recipient_vs_cfDNA",485,9,0.00824742268041237,0,0.00824742268041237,0.983505154639175,0.111111111111111,0,0,0.888888888888889
"77","MT",5548,"A",442,0,0,0,0,5,0,1,0,0,0.0133928571428572,0.235702260395516,"recipient_vs_cfDNA",442,6,1,0,0,0,0.833333333333333,0,0.166666666666667,0
"78","MT",5683,"A",244,0,0,0,0,2,0,1,0,0,0.0121457489878542,0.471404520791032,"recipient_vs_cfDNA",244,3,1,0,0,0,0.666666666666667,0,0.333333333333333,0
"79","MT",5901,"C",0,356,2,0,0,0,7,0,1,0,0.0222702067750417,0.172961764502017,"recipient_vs_cfDNA",358,8,0,0.994413407821229,0.00558659217877095,0,0,0.875,0,0.125
"80","MT",5981,"T",1,0,0,415,0,0,1,0,9,0,0.0464512565589429,0.139752594687517,"recipient_vs_cfDNA",416,10,0.00240384615384615,0,0,0.997596153846154,0,0.1,0,0.9
"81","MT",6282,"A",416,0,0,2,0,11,1,0,0,0,0.0286058214769321,0.114617743916819,"recipient_vs_cfDNA",418,12,0.995215311004785,0,0,0.00478468899521531,0.916666666666667,0.0833333333333333,0,0
"82","MT",6290,"C",0,415,0,0,0,1,9,0,0,0,0.0235294117647059,0.14142135623731,"recipient_vs_cfDNA",415,10,0,1,0,0,0.1,0.9,0,0
"83","MT",6313,"C",0,385,1,0,0,1,7,0,0,0,0.0402474780744382,0.174973583107175,"recipient_vs_cfDNA",386,8,0,0.99740932642487,0.00259067357512953,0,0.125,0.875,0,0
"84","MT",6314,"C",0,386,0,0,0,1,7,0,0,0,0.0203045685279188,0.176776695296637,"recipient_vs_cfDNA",386,8,0,1,0,0,0.125,0.875,0,0
"85","MT",6516,"G",0,1,506,0,0,1,0,7,0,0,0.0308564089003102,0.175398643012882,"recipient_vs_cfDNA",507,8,0,0.0019723865877712,0.998027613412229,0,0.125,0,0.875,0
"86","MT",6552,"A",500,1,0,1,0,9,1,0,0,0,0.0575671621388388,0.137217309485285,"recipient_vs_cfDNA",502,10,0.99601593625498,0.00199203187250996,0,0.00199203187250996,0.9,0.1,0,0
"87","MT",6562,"T",0,0,0,507,0,1,0,0,10,0,0.0212355212355213,0.128564869306645,"recipient_vs_cfDNA",507,11,0,0,0,1,0.0909090909090909,0,0,0.909090909090909
"88","MT",6580,"G",0,0,510,1,0,1,0,9,0,0,0.0380555145430291,0.140058094560463,"recipient_vs_cfDNA",511,10,0,0,0.998043052837573,0.00195694716242661,0.1,0,0.9,0
"89","MT",6597,"C",4,521,1,0,0,1,10,0,0,0,0.11729965983921,0.116489356784791,"recipient_vs_cfDNA",526,11,0.00760456273764259,0.990494296577947,0.00190114068441065,0,0.0909090909090909,0.909090909090909,0,0
"90","MT",6816,"T",0,0,0,200,0,1,0,0,0,0,0.00497512437810946,1.4142135623731,"recipient_vs_cfDNA",200,1,0,0,0,1,1,0,0,0
"91","MT",6879,"A",333,7,0,0,0,6,1,0,0,0,0.151868159477182,0.172914347332173,"recipient_vs_cfDNA",340,7,0.979411764705882,0.0205882352941176,0,0,0.857142857142857,0.142857142857143,0,0
"92","MT",7308,"A",528,0,0,2,0,9,0,0,1,0,0.0546325097573106,0.136084701284958,"recipient_vs_cfDNA",530,10,0.99622641509434,0,0,0.00377358490566038,0.9,0,0,0.1
"93","MT",7399,"C",1,255,43,0,0,0,5,0,0,0,0.999999999999873,0.205787559370102,"recipient_vs_cfDNA",299,5,0.00334448160535117,0.852842809364548,0.1438127090301,0,0,1,0,0
"94","MT",7403,"A",257,18,10,2,0,5,0,0,0,0,1,0.126974684029886,"recipient_vs_cfDNA",287,5,0.895470383275261,0.0627177700348432,0.0348432055749129,0.00696864111498258,1,0,0,0
"95","MT",7428,"G",0,2,297,0,0,0,1,4,0,0,0.0486928812260801,0.273383089983829,"recipient_vs_cfDNA",299,5,0,0.00668896321070234,0.993311036789298,0,0,0.2,0.8,0
"96","MT",7435,"T",1,0,0,298,0,1,0,0,4,0,0.0326776098662498,0.278112901229224,"recipient_vs_cfDNA",299,5,0.00334448160535117,0,0,0.996655518394649,0.2,0,0,0.8
"97","MT",7480,"T",0,0,2,392,0,0,0,1,7,0,0.0586645326981054,0.169597946249058,"recipient_vs_cfDNA",394,8,0,0,0.0050761421319797,0.99492385786802,0,0,0.125,0.875
"98","MT",7726,"A",511,0,0,0,0,6,1,0,0,0,0.0135135135135135,0.202030508910442,"recipient_vs_cfDNA",511,7,1,0,0,0,0.857142857142857,0.142857142857143,0,0
"99","MT",7763,"G",0,1,482,2,0,0,1,10,0,0,0.0860540227854201,0.122836931362912,"recipient_vs_cfDNA",485,11,0,0.00206185567010309,0.993814432989691,0.00412371134020619,0,0.0909090909090909,0.909090909090909,0
"100","MT",7774,"C",5,490,0,0,0,1,9,0,0,0,0.113619087944545,0.127136370758793,"recipient_vs_cfDNA",495,10,0.0101010101010101,0.98989898989899,0,0,0.1,0.9,0,0
"101","MT",7777,"C",0,493,0,0,0,1,9,0,0,0,0.0198807157057654,0.14142135623731,"recipient_vs_cfDNA",493,10,0,1,0,0,0.1,0.9,0,0
"102","MT",7786,"C",0,496,0,0,0,1,8,0,0,0,0.0178217821782178,0.157134840263677,"recipient_vs_cfDNA",496,9,0,1,0,0,0.111111111111111,0.888888888888889,0,0
"103","MT",7807,"C",1,499,0,0,0,1,7,0,0,0,0.0312786345493795,0.173948268171891,"recipient_vs_cfDNA",500,8,0.002,0.998,0,0,0.125,0.875,0,0
"104","MT",7884,"T",2,0,0,492,0,1,0,0,11,0,0.0696067743420305,0.11212556921649,"recipient_vs_cfDNA",494,12,0.00404858299595142,0,0,0.995951417004049,0.0833333333333333,0,0,0.916666666666667
"105","MT",7949,"A",479,0,0,0,0,5,0,1,0,0,0.0123711340206185,0.235702260395516,"recipient_vs_cfDNA",479,6,1,0,0,0,0.833333333333333,0,0.166666666666667,0
"106","MT",8003,"A",489,0,0,1,0,9,0,1,0,0,0.0396392785570934,0.140000594988918,"recipient_vs_cfDNA",490,10,0.997959183673469,0,0,0.00204081632653061,0.9,0,0.1,0
"107","MT",8100,"C",1,535,0,0,0,1,10,0,0,0,0.0398510691015261,0.125926411167889,"recipient_vs_cfDNA",536,11,0.00186567164179104,0.998134328358209,0,0,0.0909090909090909,0.909090909090909,0,0
"108","MT",8253,"C",0,372,0,0,0,1,7,0,0,0,0.0210526315789473,0.176776695296637,"recipient_vs_cfDNA",372,8,0,1,0,0,0.125,0.875,0,0
"109","MT",8296,"A",308,4,0,1,0,2,1,0,0,0,0.0560617055013965,0.451089348343232,"recipient_vs_cfDNA",313,3,0.984025559105431,0.012779552715655,0,0.00319488817891374,0.666666666666667,0.333333333333333,0,0
"110","MT",8298,"T",2,0,1,313,0,0,0,1,2,0,0.0372634186015457,0.462518762373532,"recipient_vs_cfDNA",316,3,0.00632911392405063,0,0.00316455696202532,0.990506329113924,0,0,0.333333333333333,0.666666666666667
"111","MT",8312,"A",336,0,0,2,0,2,0,0,1,0,0.0262378618174491,0.463036393203025,"recipient_vs_cfDNA",338,3,0.994082840236686,0,0,0.00591715976331361,0.666666666666667,0,0,0.333333333333333
"112","MT",8332,"A",378,0,0,1,0,4,0,0,1,0,0.0259056788511749,0.279111278273107,"recipient_vs_cfDNA",379,5,0.997361477572559,0,0,0.00263852242744063,0.8,0,0,0.2
"113","MT",8409,"C",2,506,0,0,0,1,10,0,0,0,0.0623634509995351,0.122997099376042,"recipient_vs_cfDNA",508,11,0.00393700787401575,0.996062992125984,0,0,0.0909090909090909,0.909090909090909,0,0
"114","MT",8452,"A",480,0,0,0,0,5,0,1,0,0,0.0123456790123457,0.235702260395516,"recipient_vs_cfDNA",480,6,1,0,0,0,0.833333333333333,0,0.166666666666667,0
"115","MT",8490,"T",0,0,1,460,0,1,0,0,7,0,0.0338600040092529,0.175262978079951,"recipient_vs_cfDNA",461,8,0,0,0.00216919739696312,0.997830802603037,0.125,0,0,0.875
"116","MT",8506,"T",1,0,0,461,0,1,0,0,6,0,0.0296593953310371,0.198969440593617,"recipient_vs_cfDNA",462,7,0.00216450216450216,0,0,0.997835497835498,0.142857142857143,0,0,0.857142857142857
"117","MT",8519,"G",0,0,451,0,0,0,1,9,0,0,0.0216919739696312,0.14142135623731,"recipient_vs_cfDNA",451,10,0,0,1,0,0,0.1,0.9,0
"118","MT",8683,"A",498,2,0,1,0,10,1,0,0,0,0.0834444341527126,0.121532504200691,"recipient_vs_cfDNA",501,11,0.994011976047904,0.00399201596806387,0,0.00199600798403194,0.909090909090909,0.0909090909090909,0,0
"119","MT",8750,"T",3,0,0,425,0,1,0,0,4,0,0.0455508307515071,0.272930000588826,"recipient_vs_cfDNA",428,5,0.00700934579439252,0,0,0.992990654205608,0.2,0,0,0.8
"120","MT",8758,"T",0,1,0,406,0,1,0,0,2,0,0.0145983660325545,0.469676797709199,"recipient_vs_cfDNA",407,3,0,0.00245700245700246,0,0.997542997542998,0.333333333333333,0,0,0.666666666666667
"121","MT",9545,"A",392,39,21,5,0,14,0,0,0,0,0.831672750530992,0.172464424465978,"recipient_vs_cfDNA",457,14,0.857768052516411,0.0853391684901532,0.0459518599562363,0.0109409190371991,1,0,0,0
"122","MT",9550,"A",417,27,14,3,0,15,0,0,0,0,1,0.116209069292658,"recipient_vs_cfDNA",461,15,0.904555314533623,0.0585683297180043,0.0303687635574837,0.00650759219088937,1,0,0,0
"123","MT",9570,"A",407,34,7,1,0,14,0,0,0,0,0.697956948309812,0.12137573802618,"recipient_vs_cfDNA",449,14,0.906458797327394,0.0757238307349666,0.0155902004454343,0.0022271714922049,1,0,0,0
"124","MT",9577,"T",3,0,32,414,0,0,0,0,14,0,0.646667109060725,0.10583166477075,"recipient_vs_cfDNA",449,14,0.0066815144766147,0,0.0712694877505568,0.922048997772829,0,0,0,1
"125","MT",9582,"C",0,458,0,0,0,0,13,1,0,0,0.0296610169491526,0.101015254455221,"recipient_vs_cfDNA",458,14,0,1,0,0,0,0.928571428571429,0.0714285714285714,0
"126","MT",9844,"C",0,528,0,0,0,0,10,1,0,0,0.0204081632653062,0.128564869306645,"recipient_vs_cfDNA",528,11,0,1,0,0,0,0.909090909090909,0.0909090909090909,0
"127","MT",9892,"C",3,574,0,0,0,1,9,0,0,0,0.0665875200578871,0.134068426103654,"recipient_vs_cfDNA",577,10,0.00519930675909879,0.994800693240901,0,0,0.1,0.9,0,0
"128","MT",10041,"A",530,0,0,0,0,10,0,1,0,0,0.0203327171903882,0.128564869306645,"recipient_vs_cfDNA",530,11,1,0,0,0,0.909090909090909,0,0.0909090909090909,0
"129","MT",10071,"T",0,0,0,562,0,1,0,0,12,0,0.0226086956521739,0.108785658644084,"recipient_vs_cfDNA",562,13,0,0,0,1,0.0769230769230769,0,0,0.923076923076923
"130","MT",10076,"T",0,0,0,569,0,1,0,0,11,0,0.0206540447504303,0.117851130197758,"recipient_vs_cfDNA",569,12,0,0,0,1,0.0833333333333333,0,0,0.916666666666667
"131","MT",10254,"G",0,0,497,0,0,0,0,12,1,0,0.0254901960784313,0.108785658644084,"recipient_vs_cfDNA",497,13,0,0,1,0,0,0,0.923076923076923,0.0769230769230769
"132","MT",10508,"C",4,562,3,0,0,1,6,0,0,0,0.0937328193749531,0.188471258884614,"recipient_vs_cfDNA",569,7,0.0070298769771529,0.987697715289982,0.00527240773286467,0,0.142857142857143,0.857142857142857,0,0
"133","MT",10509,"A",565,0,0,1,0,6,1,0,0,0,0.024304665665917,0.200792863487264,"recipient_vs_cfDNA",566,7,0.998233215547703,0,0,0.00176678445229682,0.857142857142857,0.142857142857143,0,0
"134","MT",10545,"C",2,569,0,0,0,0,7,1,0,0,0.0139825187133356,0.174352746031797,"recipient_vs_cfDNA",571,8,0.00350262697022767,0.996497373029772,0,0,0,0.875,0.125,0
"135","MT",10752,"C",0,511,0,0,0,1,13,0,0,0,0.0266666666666666,0.101015254455221,"recipient_vs_cfDNA",511,14,0,1,0,0,0.0714285714285714,0.928571428571429,0,0
"136","MT",10878,"T",0,0,0,476,0,0,2,0,10,0,0.000555424647389504,0.235702260395516,"recipient_vs_cfDNA",476,12,0,0,0,1,0,0.166666666666667,0,0.833333333333333
"137","MT",10884,"T",1,0,0,480,0,0,1,0,11,0,0.04813733735716,0.116408904477611,"recipient_vs_cfDNA",481,12,0.00207900207900208,0,0,0.997920997920998,0,0.0833333333333333,0,0.916666666666667
"138","MT",10952,"C",0,272,0,0,0,1,9,0,0,0,0.0354609929078014,0.14142135623731,"recipient_vs_cfDNA",272,10,0,1,0,0,0.1,0.9,0,0
"139","MT",11015,"A",433,2,0,0,0,5,0,0,1,0,0.0137586407518092,0.23251938890653,"recipient_vs_cfDNA",435,6,0.995402298850575,0.00459770114942529,0,0,0.833333333333333,0,0,0.166666666666667
"140","MT",11719,"G",0,1,486,1,0,2,0,25,0,0,0.0052978594748197,0.101940998613751,"recipient_vs_cfDNA",488,27,0,0.00204918032786885,0.995901639344262,0.00204918032786885,0.0740740740740741,0,0.925925925925926,0
"141","MT",11806,"A",516,0,0,0,0,9,1,0,0,0,0.0190114068441065,0.14142135623731,"recipient_vs_cfDNA",516,10,1,0,0,0,0.9,0.1,0,0
"142","MT",11873,"A",466,0,0,1,0,7,0,0,1,0,0.0334354874528092,0.173748400730527,"recipient_vs_cfDNA",467,8,0.997858672376874,0,0,0.00214132762312634,0.875,0,0,0.125
"143","MT",11912,"A",462,0,0,2,0,11,0,0,1,0,0.0738911314025942,0.111755382084081,"recipient_vs_cfDNA",464,12,0.995689655172414,0,0,0.00431034482758621,0.916666666666667,0,0,0.0833333333333333
"144","MT",11940,"T",0,0,0,465,0,1,0,0,8,0,0.0189873417721519,0.157134840263677,"recipient_vs_cfDNA",465,9,0,0,0,1,0.111111111111111,0,0,0.888888888888889
"145","MT",12080,"C",0,470,0,0,0,1,13,0,0,0,0.0289256198347108,0.101015254455221,"recipient_vs_cfDNA",470,14,0,1,0,0,0.0714285714285714,0.928571428571429,0,0
"146","MT",12132,"C",1,485,0,0,0,1,10,0,0,0,0.0438193678198222,0.125654964857318,"recipient_vs_cfDNA",486,11,0.00205761316872428,0.997942386831276,0,0,0.0909090909090909,0.909090909090909,0,0
"147","MT",12151,"A",504,0,0,1,0,8,1,0,0,0,0.0347463990716246,0.155753511641588,"recipient_vs_cfDNA",505,9,0.998019801980198,0,0,0.00198019801980198,0.888888888888889,0.111111111111111,0,0
"148","MT",12166,"T",1,0,1,539,0,1,0,0,10,0,0.0587035429654026,0.124664316644847,"recipient_vs_cfDNA",541,11,0.00184842883548983,0,0.00184842883548983,0.99630314232902,0.0909090909090909,0,0,0.909090909090909
"149","MT",12201,"T",0,0,0,582,0,1,0,0,9,0,0.0168918918918919,0.14142135623731,"recipient_vs_cfDNA",582,10,0,0,0,1,0.1,0,0,0.9
"150","MT",12203,"T",1,0,0,581,0,1,0,0,9,0,0.03352654685142,0.138991436027046,"recipient_vs_cfDNA",582,10,0.00171821305841924,0,0,0.998281786941581,0.1,0,0,0.9
"151","MT",12240,"C",0,572,0,0,0,1,7,0,0,0,0.0137931034482759,0.176776695296637,"recipient_vs_cfDNA",572,8,0,1,0,0,0.125,0.875,0,0
"152","MT",12385,"C",5,497,5,0,0,1,12,1,0,0,0.0379735781204648,0.150806849478198,"recipient_vs_cfDNA",507,14,0.00986193293885602,0.980276134122288,0.00986193293885602,0,0.0714285714285714,0.857142857142857,0.0714285714285714,0
"153","MT",12395,"T",2,0,4,492,0,2,0,0,17,0,0.0146709062441843,0.137856877889908,"recipient_vs_cfDNA",498,19,0.00401606425702811,0,0.00803212851405622,0.987951807228916,0.105263157894737,0,0,0.894736842105263
"154","MT",12404,"T",8,0,3,501,0,2,0,0,16,0,0.0681079211227121,0.131091119136442,"recipient_vs_cfDNA",512,18,0.015625,0,0.005859375,0.978515625,0.111111111111111,0,0,0.888888888888889
"155","MT",12410,"A",501,5,3,3,0,15,0,1,1,0,0.033330540051861,0.122282592779558,"recipient_vs_cfDNA",512,17,0.978515625,0.009765625,0.005859375,0.005859375,0.882352941176471,0,0.0588235294117647,0.0588235294117647
"156","MT",12644,"T",0,0,0,576,0,1,0,0,10,0,0.0187393526405451,0.128564869306645,"recipient_vs_cfDNA",576,11,0,0,0,1,0.0909090909090909,0,0,0.909090909090909
"157","MT",12825,"T",0,0,0,508,0,2,0,0,14,0,0.000875746208748705,0.176776695296637,"recipient_vs_cfDNA",508,16,0,0,0,1,0.125,0,0,0.875
"158","MT",13057,"A",400,44,0,1,0,12,0,0,1,0,0.039337416958556,0.126248550099076,"recipient_vs_cfDNA",445,13,0.898876404494382,0.098876404494382,0,0.00224719101123596,0.923076923076923,0,0,0.0769230769230769
"159","MT",13060,"C",0,436,0,0,0,0,13,1,0,0,0.0311111111111111,0.101015254455221,"recipient_vs_cfDNA",436,14,0,1,0,0,0,0.928571428571429,0.0714285714285714,0
"160","MT",13062,"A",426,7,1,0,0,10,0,2,0,0,0.00327437090346353,0.221919692796933,"recipient_vs_cfDNA",434,12,0.981566820276498,0.0161290322580645,0.00230414746543779,0,0.833333333333333,0,0.166666666666667,0
"161","MT",13083,"A",427,1,0,0,0,10,1,0,0,0,0.0495418187869899,0.125260632011381,"recipient_vs_cfDNA",428,11,0.997663551401869,0.00233644859813084,0,0,0.909090909090909,0.0909090909090909,0,0
"162","MT",13095,"T",3,0,0,438,0,0,1,0,11,0,0.0283531761063366,0.113347501380623,"recipient_vs_cfDNA",441,12,0.00680272108843537,0,0,0.993197278911565,0,0.0833333333333333,0,0.916666666666667
"163","MT",13105,"A",442,0,0,0,0,11,0,1,0,0,0.026431718061674,0.117851130197758,"recipient_vs_cfDNA",442,12,1,0,0,0,0.916666666666667,0,0.0833333333333333,0
"164","MT",13114,"C",0,443,0,0,0,0,10,1,0,0,0.0242290748898679,0.128564869306645,"recipient_vs_cfDNA",443,11,0,1,0,0,0,0.909090909090909,0.0909090909090909,0
"165","MT",13138,"G",0,0,440,1,0,0,0,8,1,0,0.0396436525612472,0.153928006788908,"recipient_vs_cfDNA",441,9,0,0,0.997732426303855,0.00226757369614512,0,0,0.888888888888889,0.111111111111111
"166","MT",13677,"C",1,465,8,0,0,0,17,2,0,0,0.0893852019690647,0.123531241319772,"recipient_vs_cfDNA",474,19,0.00210970464135021,0.981012658227848,0.0168776371308017,0,0,0.894736842105263,0.105263157894737,0
"167","MT",13723,"T",5,0,0,426,0,1,0,0,10,0,0.141084068953528,0.112158679487932,"recipient_vs_cfDNA",431,11,0.0116009280742459,0,0,0.988399071925754,0.0909090909090909,0,0,0.909090909090909
"168","MT",13730,"G",2,2,424,0,0,0,1,10,0,0,0.119680715262178,0.118790102335729,"recipient_vs_cfDNA",428,11,0.00467289719626168,0.00467289719626168,0.990654205607477,0,0,0.0909090909090909,0.909090909090909,0
"169","MT",13743,"T",1,1,0,393,0,1,0,0,10,0,0.0792887581040791,0.123233450865204,"recipient_vs_cfDNA",395,11,0.00253164556962025,0.00253164556962025,0,0.994936708860759,0.0909090909090909,0,0,0.909090909090909
"170","MT",13752,"T",0,0,3,356,0,1,0,0,10,0,0.032049118858311,0.123082156902298,"recipient_vs_cfDNA",359,11,0,0,0.00835654596100279,0.991643454038997,0.0909090909090909,0,0,0.909090909090909
"171","MT",13753,"T",0,0,0,353,0,1,0,0,10,0,0.0302197802197802,0.128564869306645,"recipient_vs_cfDNA",353,11,0,0,0,1,0.0909090909090909,0,0,0.909090909090909
"172","MT",13861,"A",491,1,0,2,0,9,0,0,1,0,0.0772575539311399,0.134287293095762,"recipient_vs_cfDNA",494,10,0.993927125506073,0.00202429149797571,0,0.00404858299595142,0.9,0,0,0.1
"173","MT",13863,"C",1,497,0,0,0,1,8,0,0,0,0.0352223027808312,0.154295053993852,"recipient_vs_cfDNA",498,9,0.00200803212851406,0.997991967871486,0,0,0.111111111111111,0.888888888888889,0,0
"174","MT",13882,"C",2,483,0,0,0,1,10,0,0,0,0.0651963345087283,0.122733060802014,"recipient_vs_cfDNA",485,11,0.00412371134020619,0.995876288659794,0,0,0.0909090909090909,0.909090909090909,0,0
"175","MT",13892,"C",0,509,0,0,0,0,13,1,0,0,0.0267686424474188,0.101015254455221,"recipient_vs_cfDNA",509,14,0,1,0,0,0,0.928571428571429,0.0714285714285714,0
"176","MT",14004,"C",0,506,0,1,0,1,12,0,0,0,0.0494219653179093,0.10741813652221,"recipient_vs_cfDNA",507,13,0,0.998027613412229,0,0.0019723865877712,0.0769230769230769,0.923076923076923,0,0
"177","MT",14148,"A",498,0,1,0,0,11,0,0,1,0,0.0464602279267983,0.116459948691128,"recipient_vs_cfDNA",499,12,0.997995991983968,0,0.00200400801603206,0,0.916666666666667,0,0,0.0833333333333333
"178","MT",14287,"T",0,1,4,430,0,0,1,0,6,0,0.0327031471410277,0.192606847795266,"recipient_vs_cfDNA",435,7,0,0.00229885057471264,0.00919540229885057,0.988505747126437,0,0.142857142857143,0,0.857142857142857
"179","MT",14291,"T",1,0,0,438,0,0,0,1,8,0,0.0398190316395076,0.155549139371341,"recipient_vs_cfDNA",439,9,0.00227790432801822,0,0,0.997722095671982,0,0,0.111111111111111,0.888888888888889
"180","MT",14319,"T",1,0,0,444,0,1,0,0,12,0,0.0560232387031428,0.105607650638751,"recipient_vs_cfDNA",445,13,0.00224719101123596,0,0,0.997752808988764,0.0769230769230769,0,0,0.923076923076923
"181","MT",14488,"T",0,0,0,441,0,0,0,1,8,0,0.02,0.157134840263677,"recipient_vs_cfDNA",441,9,0,0,0,1,0,0,0.111111111111111,0.888888888888889
"182","MT",14494,"T",1,0,5,430,0,1,0,0,8,0,0.0435038289868339,0.146457232838206,"recipient_vs_cfDNA",436,9,0.00229357798165138,0,0.0114678899082569,0.986238532110092,0.111111111111111,0,0,0.888888888888889
"183","MT",14502,"T",1,1,0,421,0,1,0,0,7,0,0.0547821896982957,0.171786155462026,"recipient_vs_cfDNA",423,8,0.00236406619385343,0.00236406619385343,0,0.995271867612293,0.125,0,0,0.875
"184","MT",14521,"C",1,412,0,0,0,1,9,0,0,0,0.0467771391437823,0.137997110323573,"recipient_vs_cfDNA",413,10,0.00242130750605327,0.997578692493947,0,0,0.1,0.9,0,0
"185","MT",14540,"T",0,0,0,400,0,1,0,0,7,0,0.0196078431372549,0.176776695296637,"recipient_vs_cfDNA",400,8,0,0,0,1,0.125,0,0,0.875
"186","MT",14550,"T",0,0,0,412,0,1,0,0,7,0,0.019047619047619,0.176776695296637,"recipient_vs_cfDNA",412,8,0,0,0,1,0.125,0,0,0.875
"187","MT",14556,"A",404,4,1,0,0,8,1,0,0,0,0.123128115458923,0.141606698336687,"recipient_vs_cfDNA",409,9,0.987775061124694,0.0097799511002445,0.00244498777506112,0,0.888888888888889,0.111111111111111,0,0
"188","MT",14560,"G",0,0,412,0,0,0,1,9,0,0,0.023696682464455,0.14142135623731,"recipient_vs_cfDNA",412,10,0,0,1,0,0,0.1,0.9,0
"189","MT",14561,"A",403,2,0,3,0,9,1,0,0,0,0.135991761686863,0.129602874337433,"recipient_vs_cfDNA",408,10,0.987745098039216,0.00490196078431373,0,0.00735294117647059,0.9,0.1,0,0
"190","MT",14562,"C",1,407,1,0,0,1,9,0,0,0,0.0700672974997485,0.136267659869407,"recipient_vs_cfDNA",409,10,0.00244498777506112,0.995110024449878,0.00244498777506112,0,0.1,0.9,0,0
"191","MT",14613,"A",437,0,0,0,0,9,1,0,0,0,0.0223713646532438,0.14142135623731,"recipient_vs_cfDNA",437,10,1,0,0,0,0.9,0.1,0,0
"192","MT",14618,"A",431,1,0,2,0,12,0,0,1,0,0.111713053983178,0.100678824670147,"recipient_vs_cfDNA",434,13,0.993087557603687,0.00230414746543779,0,0.00460829493087558,0.923076923076923,0,0,0.0769230769230769
"193","MT",14800,"C",0,479,0,3,0,0,19,0,3,0,0.00133173782851563,0.18404514485806,"recipient_vs_cfDNA",482,22,0,0.993775933609959,0,0.00622406639004149,0,0.863636363636364,0,0.136363636363636
"194","MT",14950,"C",0,507,1,0,0,0,13,0,2,0,0.000769213863431793,0.187185392560033,"recipient_vs_cfDNA",508,15,0,0.998031496062992,0.00196850393700787,0,0,0.866666666666667,0,0.133333333333333
"195","MT",14956,"T",1,0,0,514,0,0,2,0,12,0,0.000651601076931818,0.200671578149674,"recipient_vs_cfDNA",515,14,0.00194174757281553,0,0,0.998058252427184,0,0.142857142857143,0,0.857142857142857
"196","MT",14969,"T",3,0,0,523,0,0,1,0,12,0,0.0256779440882222,0.104985370534236,"recipient_vs_cfDNA",526,13,0.00570342205323194,0,0,0.994296577946768,0,0.0769230769230769,0,0.923076923076923
"197","MT",15210,"A",540,0,0,1,0,7,0,0,1,0,0.0289577599617087,0.174162622168406,"recipient_vs_cfDNA",541,8,0.99815157116451,0,0,0.00184842883548983,0.875,0,0,0.125
"198","MT",15318,"C",0,528,0,0,0,1,11,0,0,0,0.0222222222222222,0.117851130197758,"recipient_vs_cfDNA",528,12,0,1,0,0,0.0833333333333333,0.916666666666667,0,0
"199","MT",15320,"C",1,533,0,0,0,1,12,0,0,0,0.0470096630974144,0.10613731863964,"recipient_vs_cfDNA",534,13,0.00187265917602996,0.99812734082397,0,0,0.0769230769230769,0.923076923076923,0,0
"200","MT",15321,"T",4,0,0,527,0,2,0,0,11,0,0.00750178778237414,0.206918107778767,"recipient_vs_cfDNA",531,13,0.00753295668549906,0,0,0.992467043314501,0.153846153846154,0,0,0.846153846153846
"201","MT",15342,"T",0,0,0,523,0,1,0,0,13,0,0.0260707635009311,0.101015254455221,"recipient_vs_cfDNA",523,14,0,0,0,1,0.0714285714285714,0,0,0.928571428571429
"202","MT",15392,"G",0,2,519,1,0,2,0,8,0,0,0.000655852176893827,0.27884140400743,"recipient_vs_cfDNA",522,10,0,0.00383141762452107,0.994252873563218,0.00191570881226054,0.2,0,0.8,0
"203","MT",15419,"A",498,0,0,0,0,13,0,0,1,0,0.02734375,0.101015254455221,"recipient_vs_cfDNA",498,14,1,0,0,0,0.928571428571429,0,0,0.0714285714285714
"204","MT",15473,"A",523,0,0,0,0,7,1,0,0,0,0.0150659133709981,0.176776695296637,"recipient_vs_cfDNA",523,8,1,0,0,0,0.875,0.125,0,0
"205","MT",15484,"A",501,0,0,2,0,6,0,0,1,0,0.040692682252116,0.196407393354287,"recipient_vs_cfDNA",503,7,0.996023856858847,0,0,0.00397614314115308,0.857142857142857,0,0,0.142857142857143
"206","MT",15503,"C",1,490,0,0,0,0,6,1,0,0,0.0279427569432649,0.200605881457397,"recipient_vs_cfDNA",491,7,0.00203665987780041,0.9979633401222,0,0,0,0.857142857142857,0.142857142857143,0
"207","MT",15854,"T",0,0,0,466,0,1,0,0,9,0,0.0210084033613445,0.14142135623731,"recipient_vs_cfDNA",466,10,0,0,0,1,0.1,0,0,0.9
"208","MT",15952,"C",0,501,0,0,0,0,8,1,0,0,0.0176470588235294,0.157134840263677,"recipient_vs_cfDNA",501,9,0,1,0,0,0,0.888888888888889,0.111111111111111,0
"209","MT",16240,"A",418,0,1,0,0,7,0,0,1,0,0.0371628679178931,0.17511348703212,"recipient_vs_cfDNA",419,8,0.997613365155131,0,0.00238663484486874,0,0.875,0,0,0.125
"210","MT",16381,"T",0,0,1,511,0,1,0,0,9,0,0.0379832476595887,0.140060716814285,"recipient_vs_cfDNA",512,10,0,0,0.001953125,0.998046875,0.1,0,0,0.9
"211","MT",16482,"A",439,0,0,0,0,13,0,1,0,0,0.0309050772626932,0.101015254455221,"recipient_vs_cfDNA",439,14,1,0,0,0,0.928571428571429,0,0.0714285714285714,0
"212","MT",63,"T",2,1,0,643,0,0,0,1,10,0,0.0334785694117906,0.125371912554449,"donor_vs_cfDNA",646,11,0.00309597523219814,0.00154798761609907,0,0.995356037151703,0,0,0.0909090909090909,0.909090909090909
"213","MT",64,"C",1,5,0,642,0,0,11,0,0,0,1.86268305279704e-20,1.4022114803099,"donor_vs_cfDNA",648,11,0.00154320987654321,0.00771604938271605,0,0.990740740740741,0,1,0,0
"214","MT",72,"T",2,3,2,666,0,1,0,0,11,0,0.132484867468148,0.108654410588814,"donor_vs_cfDNA",673,12,0.00297176820208024,0.00445765230312036,0.00297176820208024,0.989598811292719,0.0833333333333333,0,0,0.916666666666667
"215","MT",73,"A",3,0,674,0,0,11,0,0,0,0,9.63120365736795e-22,1.40794673713363,"donor_vs_cfDNA",677,11,0.00443131462333826,0,0.995568685376662,0,1,0,0,0
"216","MT",89,"T",3,0,0,722,0,0,1,0,12,0,0.0184543024604896,0.105980940260896,"donor_vs_cfDNA",725,13,0.00413793103448276,0,0,0.995862068965517,0,0.0769230769230769,0,0.923076923076923
"217","MT",146,"T",1,671,0,1,0,0,0,0,12,0,6.42797291402477e-25,1.41106269970655,"donor_vs_cfDNA",673,12,0.00148588410104012,0.99702823179792,0,0.00148588410104012,0,0,0,1
"218","MT",152,"T",0,1,1,646,0,0,6,0,0,0,6.59102515425192e-14,1.41094118577674,"donor_vs_cfDNA",648,6,0,0.00154320987654321,0.00154320987654321,0.996913580246914,0,1,0,0
"219","MT",153,"A",0,0,658,0,0,6,0,0,0,0,8.59334186741033e-15,1.4142135623731,"donor_vs_cfDNA",658,6,0,0,1,0,1,0,0,0
"220","MT",235,"A",3,1,602,0,0,6,0,0,0,0,1.17972220019323e-12,1.40604711476113,"donor_vs_cfDNA",606,6,0.00495049504950495,0.00165016501650165,0.993399339933993,0,1,0,0,0
"221","MT",309,"C",0,244,0,10,0,0,6,0,3,0,0.00672086339560369,0.415726821485004,"donor_vs_cfDNA",254,9,0,0.960629921259842,0,0.0393700787401575,0,0.666666666666667,0,0.333333333333333
"222","MT",333,"T",3,0,0,324,0,1,0,0,11,0,0.134816661765797,0.104876693845711,"donor_vs_cfDNA",327,12,0.00917431192660551,0,0,0.990825688073395,0.0833333333333333,0,0,0.916666666666667
"223","MT",338,"C",0,340,0,0,0,1,11,0,0,0,0.034090909090909,0.117851130197758,"donor_vs_cfDNA",340,12,0,1,0,0,0.0833333333333333,0.916666666666667,0,0
"224","MT",346,"T",1,0,0,358,0,1,0,0,11,0,0.0637284184453995,0.113911816653543,"donor_vs_cfDNA",359,12,0.00278551532033426,0,0,0.997214484679666,0.0833333333333333,0,0,0.916666666666667
"225","MT",432,"A",451,13,9,3,0,12,1,0,1,0,0.0899327734878115,0.121267812518166,"donor_vs_cfDNA",476,14,0.947478991596639,0.0273109243697479,0.0189075630252101,0.00630252100840336,0.857142857142857,0.0714285714285714,0,0.0714285714285714
"226","MT",440,"A",388,28,4,1,0,10,0,0,0,0,1,0.103263967312514,"donor_vs_cfDNA",421,10,0.921615201900237,0.0665083135391924,0.00950118764845606,0.00237529691211401,1,0,0,0
"227","MT",445,"C",2,416,1,0,0,1,9,0,0,0,0.0903356916947137,0.133015448416677,"donor_vs_cfDNA",419,10,0.00477326968973747,0.992840095465394,0.00238663484486874,0,0.1,0.9,0,0
"228","MT",460,"T",5,0,7,391,0,0,0,1,9,0,0.276335788168574,0.109146734935117,"donor_vs_cfDNA",403,10,0.0124069478908189,0,0.0173697270471464,0.970223325062035,0,0,0.1,0.9
"229","MT",464,"A",379,20,2,2,0,8,1,0,1,0,0.0572597552159667,0.176972662963829,"donor_vs_cfDNA",403,10,0.940446650124069,0.0496277915632754,0.00496277915632754,0.00496277915632754,0.8,0.1,0,0.1
"230","MT",477,"T",3,0,4,401,0,1,0,0,11,0,0.208547243820052,0.10123468837286,"donor_vs_cfDNA",408,12,0.00735294117647059,0,0.00980392156862745,0.982843137254902,0.0833333333333333,0,0,0.916666666666667
"231","MT",505,"C",4,383,2,0,0,2,14,0,0,0,0.0356988575406449,0.158724097082288,"donor_vs_cfDNA",389,16,0.0102827763496144,0.984575835475578,0.0051413881748072,0,0.125,0.875,0,0
"232","MT",515,"A",52,4,19,1,0,18,0,0,0,0,0.03096514791054,0.406406452933697,"donor_vs_cfDNA",76,18,0.684210526315789,0.0526315789473684,0.25,0.0131578947368421,1,0,0,0
"233","MT",590,"A",600,0,1,8,0,13,0,0,2,0,0.0453129182926722,0.168835173234771,"donor_vs_cfDNA",609,15,0.985221674876847,0,0.00164203612479475,0.013136288998358,0.866666666666667,0,0,0.133333333333333
"234","MT",607,"C",4,641,2,0,0,0,12,1,0,0,0.0600210777129471,0.10032858555171,"donor_vs_cfDNA",647,13,0.00618238021638331,0.990726429675425,0.00309119010819165,0,0,0.923076923076923,0.0769230769230769,0
"235","MT",615,"A",655,0,0,3,0,11,0,0,1,0,0.0698924157872114,0.111403347998489,"donor_vs_cfDNA",658,12,0.995440729483283,0,0,0.00455927051671732,0.916666666666667,0,0,0.0833333333333333
"236","MT",619,"T",2,0,1,649,0,1,0,0,11,0,0.0705081608824888,0.112444223493361,"donor_vs_cfDNA",652,12,0.00306748466257669,0,0.00153374233128834,0.995398773006135,0.0833333333333333,0,0,0.916666666666667
"237","MT",634,"T",1,0,0,673,0,1,0,0,10,0,0.0318820164767149,0.12646662959986,"donor_vs_cfDNA",674,11,0.00148367952522255,0,0,0.998516320474777,0.0909090909090909,0,0,0.909090909090909
"238","MT",635,"C",5,672,0,0,0,1,10,0,0,0,0.0924998544243374,0.1181201605742,"donor_vs_cfDNA",677,11,0.00738552437223043,0.99261447562777,0,0,0.0909090909090909,0.909090909090909,0,0
"239","MT",663,"A",7,5,690,0,0,7,0,0,0,0,3.08031408534757e-13,1.39510261716054,"donor_vs_cfDNA",702,7,0.00997150997150997,0.00712250712250712,0.982905982905983,0,1,0,0,0
"240","MT",1045,"G",0,3,713,0,0,0,0,10,1,0,0.015743029755417,0.125706916512777,"donor_vs_cfDNA",716,11,0,0.00418994413407821,0.995810055865922,0,0,0,0.909090909090909,0.0909090909090909
"241","MT",1086,"C",1,530,1,0,0,0,10,0,1,0,0.0596584165614786,0.125962685887919,"donor_vs_cfDNA",532,11,0.0018796992481203,0.996240601503759,0.0018796992481203,0,0,0.909090909090909,0,0.0909090909090909
"242","MT",1165,"C",2,464,0,0,0,1,7,0,0,0,0.0498867622251664,0.170707109192031,"donor_vs_cfDNA",466,8,0.00429184549356223,0.995708154506438,0,0,0.125,0.875,0,0
"243","MT",1175,"G",0,2,463,0,0,0,1,7,0,0,0.0499906536702091,0.170694056318688,"donor_vs_cfDNA",465,8,0,0.0043010752688172,0.995698924731183,0,0,0.125,0.875,0
"244","MT",1205,"T",3,0,0,530,0,1,0,0,6,0,0.0509914053142647,0.194070582668192,"donor_vs_cfDNA",533,7,0.00562851782363977,0,0,0.99437148217636,0.142857142857143,0,0,0.857142857142857
"245","MT",1259,"T",3,0,0,703,0,1,0,0,6,0,0.0387766120573908,0.196021102838035,"donor_vs_cfDNA",706,7,0.00424929178470255,0,0,0.995750708215297,0.142857142857143,0,0,0.857142857142857
"246","MT",1305,"A",801,0,0,0,0,17,0,1,1,0,0.000509246850710248,0.128920512778062,"donor_vs_cfDNA",801,19,1,0,0,0,0.894736842105263,0,0.0526315789473684,0.0526315789473684
"247","MT",1736,"A",5,1,733,1,0,21,0,0,0,0,1.37497746471298e-36,1.40274956959667,"donor_vs_cfDNA",740,21,0.00675675675675676,0.00135135135135135,0.990540540540541,0.00135135135135135,1,0,0,0
"248","MT",1769,"C",1,741,0,1,0,1,12,0,0,0,0.0507713582502483,0.105943408525728,"donor_vs_cfDNA",743,13,0.00134589502018843,0.997308209959623,0,0.00134589502018843,0.0769230769230769,0.923076923076923,0,0
"249","MT",1934,"T",2,0,0,730,0,0,1,0,12,0,0.0177269438625714,0.106906057450457,"donor_vs_cfDNA",732,13,0.00273224043715847,0,0,0.997267759562842,0,0.0769230769230769,0,0.923076923076923
"250","MT",2003,"A",669,1,0,0,0,11,1,0,0,0,0.0349064038136086,0.115740363686753,"donor_vs_cfDNA",670,12,0.998507462686567,0.00149253731343284,0,0,0.916666666666667,0.0833333333333333,0,0
"251","MT",2150,"T",1,0,0,682,0,1,0,0,12,0,0.037033821218887,0.106715067776774,"donor_vs_cfDNA",683,13,0.00146412884333821,0,0,0.998535871156662,0.0769230769230769,0,0,0.923076923076923
"252","MT",2169,"A",681,0,0,0,0,13,0,1,0,0,0.0201438848920864,0.101015254455221,"donor_vs_cfDNA",681,14,1,0,0,0,0.928571428571429,0,0.0714285714285714,0
"253","MT",2305,"T",1,0,0,761,0,1,0,0,9,0,0.0257555291223968,0.139565432927109,"donor_vs_cfDNA",762,10,0.00131233595800525,0,0,0.998687664041995,0.1,0,0,0.9
"254","MT",2378,"C",1,806,0,0,0,0,13,0,1,0,0.0338344077715738,0.10015053755616,"donor_vs_cfDNA",807,14,0.00123915737298637,0.998760842627014,0,0,0,0.928571428571429,0,0.0714285714285714
"255","MT",2464,"G",0,0,747,0,0,0,0,6,1,0,0.00928381962864722,0.202030508910442,"donor_vs_cfDNA",747,7,0,0,1,0,0,0,0.857142857142857,0.142857142857143
"256","MT",2706,"A",0,0,836,0,0,31,0,0,0,0,1.18069105436584e-57,1.4142135623731,"donor_vs_cfDNA",836,31,0,0,1,0,1,0,0,0
"257","MT",2721,"G",0,0,818,3,0,0,0,24,2,0,0.00856626948498442,0.103618008598872,"donor_vs_cfDNA",821,26,0,0,0.996345919610231,0.00365408038976857,0,0,0.923076923076923,0.0769230769230769
"258","MT",2945,"A",804,0,0,1,0,17,0,0,2,0,0.00149207554441857,0.147107798478953,"donor_vs_cfDNA",805,19,0.998757763975155,0,0,0.00124223602484472,0.894736842105263,0,0,0.105263157894737
"259","MT",3063,"G",0,0,789,0,0,0,2,21,0,0,0.000768375720542053,0.122975092380269,"donor_vs_cfDNA",789,23,0,0,1,0,0,0.0869565217391304,0.91304347826087,0
"260","MT",3107,"N",0,4,0,30,0,0,0,0,1,0,1,0.166378066161541,"donor_vs_cfDNA",34,1,0,0.117647058823529,0,0.882352941176471,0,0,0,1
"261","MT",3541,"C",3,571,1,0,0,0,12,1,0,0,0.0450547643215349,0.102835625275901,"donor_vs_cfDNA",575,13,0.00521739130434783,0.99304347826087,0.00173913043478261,0,0,0.923076923076923,0.0769230769230769,0
"262","MT",3565,"A",429,20,17,7,0,12,0,0,0,0,1,0.109325018806325,"donor_vs_cfDNA",473,12,0.906976744186046,0.0422832980972516,0.0359408033826638,0.0147991543340381,1,0,0,0
"263","MT",3578,"T",6,1,2,308,0,0,0,1,9,0,0.128055329518528,0.11947384709349,"donor_vs_cfDNA",317,10,0.0189274447949527,0.00315457413249211,0.00630914826498423,0.971608832807571,0,0,0.1,0.9
"264","MT",3584,"A",335,0,0,1,0,10,1,0,0,0,0.0624843830687695,0.126512906449146,"donor_vs_cfDNA",336,11,0.99702380952381,0,0,0.00297619047619048,0.909090909090909,0.0909090909090909,0,0
"265","MT",3815,"A",804,0,0,0,0,8,1,0,0,0,0.011070110701107,0.157134840263677,"donor_vs_cfDNA",804,9,1,0,0,0,0.888888888888889,0.111111111111111,0,0
"266","MT",3835,"C",1,790,0,0,0,1,8,0,0,0,0.0223873591989987,0.15534695965385,"donor_vs_cfDNA",791,9,0.00126422250316056,0.998735777496839,0,0,0.111111111111111,0.888888888888889,0,0
"267","MT",3886,"A",775,0,2,0,0,12,1,0,0,0,0.0167024792399124,0.107012009181815,"donor_vs_cfDNA",777,13,0.997425997425997,0,0.00257400257400257,0,0.923076923076923,0.0769230769230769,0,0
"268","MT",3902,"A",796,3,0,0,0,11,1,0,0,0,0.0579904528805579,0.112541191916007,"donor_vs_cfDNA",799,12,0.996245306633292,0.00375469336670839,0,0,0.916666666666667,0.0833333333333333,0,0
"269","MT",4042,"A",765,0,0,2,0,11,0,0,1,0,0.045562498295057,0.114163480752196,"donor_vs_cfDNA",767,12,0.997392438070404,0,0,0.00260756192959583,0.916666666666667,0,0,0.0833333333333333
"270","MT",4066,"C",0,781,0,0,0,0,12,1,0,0,0.0163727959697733,0.108785658644084,"donor_vs_cfDNA",781,13,0,1,0,0,0,0.923076923076923,0.0769230769230769,0
"271","MT",4248,"T",1,494,0,4,0,0,0,0,9,0,1.23664640482281e-16,1.40146228266508,"donor_vs_cfDNA",499,9,0.00200400801603206,0.98997995991984,0,0.00801603206412826,0,0,0,1
"272","MT",4249,"C",1,494,0,0,0,1,8,0,0,0,0.0354302754899176,0.154277843167974,"donor_vs_cfDNA",495,9,0.00202020202020202,0.997979797979798,0,0,0.111111111111111,0.888888888888889,0,0
"273","MT",4252,"C",1,503,3,0,0,0,8,1,0,0,0.0845365703984907,0.147391821823745,"donor_vs_cfDNA",507,9,0.0019723865877712,0.992110453648915,0.00591715976331361,0,0,0.888888888888889,0.111111111111111,0
"274","MT",4309,"G",0,1,709,1,0,0,0,9,1,0,0.0410906946194344,0.138448499762872,"donor_vs_cfDNA",711,10,0,0.00140646976090014,0.9971870604782,0.00140646976090014,0,0,0.9,0.1
"275","MT",4343,"A",628,0,0,0,0,8,1,0,0,0,0.0141287284144427,0.157134840263677,"donor_vs_cfDNA",628,9,1,0,0,0,0.888888888888889,0.111111111111111,0,0
"276","MT",4408,"G",0,0,562,1,0,0,1,3,0,0,0.0140719551791376,0.352304144594082,"donor_vs_cfDNA",563,4,0,0,0.998223801065719,0.00177619893428064,0,0.25,0.75,0
"277","MT",4428,"G",0,0,604,1,0,0,1,7,0,0,0.0259518706884682,0.17561959163814,"donor_vs_cfDNA",605,8,0,0,0.998347107438017,0.00165289256198347,0,0.125,0.875,0
"278","MT",4429,"G",1,0,602,1,0,0,1,7,0,0,0.0387678797740596,0.174466707648022,"donor_vs_cfDNA",604,8,0.00165562913907285,0,0.996688741721854,0.00165562913907285,0,0.125,0.875,0
"279","MT",4439,"C",2,633,0,0,0,1,8,0,0,0,0.0414057384511872,0.152680624319195,"donor_vs_cfDNA",635,9,0.0031496062992126,0.996850393700787,0,0,0.111111111111111,0.888888888888889,0,0
"280","MT",4447,"T",2,0,0,663,0,1,0,0,8,0,0.0395848122362776,0.152881566391878,"donor_vs_cfDNA",665,9,0.00300751879699248,0,0,0.996992481203008,0.111111111111111,0,0,0.888888888888889
"281","MT",4730,"C",1,513,0,0,0,1,5,0,0,0,0.0229657625611383,0.232950872141872,"donor_vs_cfDNA",514,6,0.00194552529182879,0.998054474708171,0,0,0.166666666666667,0.833333333333333,0,0
"282","MT",4812,"G",0,1,513,0,0,0,5,0,0,0,1.94934139401124e-11,1.41146217411945,"donor_vs_cfDNA",514,5,0,0.00194552529182879,0.998054474708171,0,0,1,0,0
"283","MT",4824,"A",3,0,559,1,0,7,0,0,0,0,3.21032708475085e-14,1.40542350978951,"donor_vs_cfDNA",563,7,0.00532859680284192,0,0.992895204262877,0.00177619893428064,1,0,0,0
"284","MT",4831,"G",0,2,601,1,0,0,0,8,1,0,0.0575848217687061,0.152505944765097,"donor_vs_cfDNA",604,9,0,0.0033112582781457,0.995033112582781,0.00165562913907285,0,0,0.888888888888889,0.111111111111111
"285","MT",4835,"C",1,621,0,0,0,1,8,0,0,0,0.028345030563731,0.154861185018704,"donor_vs_cfDNA",622,9,0.00160771704180064,0.998392282958199,0,0,0.111111111111111,0.888888888888889,0,0
"286","MT",4863,"A",740,1,0,0,0,14,0,0,2,0,0.000419366337464383,0.175830203700927,"donor_vs_cfDNA",741,16,0.998650472334683,0.00134952766531714,0,0,0.875,0,0,0.125
"287","MT",4988,"C",0,745,0,0,0,1,7,0,0,0,0.0106241699867198,0.176776695296637,"donor_vs_cfDNA",745,8,0,1,0,0,0.125,0.875,0,0
"288","MT",5007,"G",0,1,674,0,0,0,0,3,1,0,0.0117559659572258,0.352510494643804,"donor_vs_cfDNA",675,4,0,0.00148148148148148,0.998518518518518,0,0,0,0.75,0.25
"289","MT",5126,"C",3,673,1,0,0,1,11,0,0,0,0.0843383742638059,0.110554636618121,"donor_vs_cfDNA",677,12,0.00443131462333826,0.994091580502216,0.00147710487444609,0,0.0833333333333333,0.916666666666667,0,0
"290","MT",5135,"C",0,723,0,0,0,1,11,0,0,0,0.0163265306122449,0.117851130197758,"donor_vs_cfDNA",723,12,0,1,0,0,0.0833333333333333,0.916666666666667,0,0
"291","MT",5153,"A",738,0,0,2,0,12,0,0,1,0,0.050970382571479,0.10496345982686,"donor_vs_cfDNA",740,13,0.997297297297297,0,0,0.0027027027027027,0.923076923076923,0,0,0.0769230769230769
"292","MT",5389,"T",0,0,0,679,0,0,0,1,9,0,0.0145137880986938,0.14142135623731,"donor_vs_cfDNA",679,10,0,0,0,1,0,0,0.1,0.9
"293","MT",5412,"T",0,0,0,693,0,1,0,0,12,0,0.0184135977337111,0.108785658644084,"donor_vs_cfDNA",693,13,0,0,0,1,0.0769230769230769,0,0,0.923076923076923
"294","MT",5421,"G",0,1,702,0,0,0,0,12,1,0,0.0360081259522477,0.10779389627145,"donor_vs_cfDNA",703,13,0,0.00142247510668563,0.998577524893314,0,0,0,0.923076923076923,0.0769230769230769
"295","MT",5432,"A",695,6,0,1,0,9,2,0,0,0,0.0073512947712935,0.244041404921081,"donor_vs_cfDNA",702,11,0.99002849002849,0.00854700854700855,0,0.00142450142450142,0.818181818181818,0.181818181818182,0,0
"296","MT",5436,"A",694,10,0,1,0,9,1,0,0,0,0.156622419439037,0.120371137754387,"donor_vs_cfDNA",705,10,0.984397163120567,0.0141843971631206,0,0.00141843971631206,0.9,0.1,0,0
"297","MT",5464,"T",4,0,2,694,0,0,0,1,8,0,0.0384771444902778,0.149217831371772,"donor_vs_cfDNA",700,9,0.00571428571428571,0,0.00285714285714286,0.991428571428571,0,0,0.111111111111111,0.888888888888889
"298","MT",5473,"T",3,0,2,708,0,1,0,0,8,0,0.0727442890994661,0.14924051028775,"donor_vs_cfDNA",713,9,0.00420757363253857,0,0.00280504908835905,0.992987377279102,0.111111111111111,0,0,0.888888888888889
"299","MT",5479,"T",4,0,1,693,0,1,0,0,8,0,0.0742438158669413,0.148027817320194,"donor_vs_cfDNA",698,9,0.00573065902578797,0,0.00143266475644699,0.992836676217765,0.111111111111111,0,0,0.888888888888889
"300","MT",5548,"A",704,1,0,0,0,5,0,1,0,0,0.0168182088310432,0.234705701377795,"donor_vs_cfDNA",705,6,0.998581560283688,0.00141843971631206,0,0,0.833333333333333,0,0.166666666666667,0
"301","MT",5683,"A",357,0,0,0,0,2,0,1,0,0,0.00833333333333331,0.471404520791032,"donor_vs_cfDNA",357,3,1,0,0,0,0.666666666666667,0,0.333333333333333,0
"302","MT",5901,"C",0,552,1,1,0,0,7,0,1,0,0.0421736730926682,0.172961726139696,"donor_vs_cfDNA",554,8,0,0.996389891696751,0.00180505415162455,0.00180505415162455,0,0.875,0,0.125
"303","MT",5981,"T",1,0,1,658,0,0,1,0,9,0,0.0441761547515689,0.139311569866334,"donor_vs_cfDNA",660,10,0.00151515151515152,0,0.00151515151515152,0.996969696969697,0,0.1,0,0.9
"304","MT",6282,"A",709,0,0,1,0,11,1,0,0,0,0.0329874251290158,0.1168679364566,"donor_vs_cfDNA",710,12,0.998591549295775,0,0,0.00140845070422535,0.916666666666667,0.0833333333333333,0,0
"305","MT",6290,"C",1,710,0,0,0,1,9,0,0,0,0.0275658807212205,0.139432307626377,"donor_vs_cfDNA",711,10,0.00140646976090014,0.9985935302391,0,0,0.1,0.9,0,0
"306","MT",6313,"C",0,656,0,1,0,1,7,0,0,0,0.023933327294129,0.175710318110398,"donor_vs_cfDNA",657,8,0,0.998477929984779,0,0.0015220700152207,0.125,0.875,0,0
"307","MT",6314,"C",0,655,1,0,0,1,7,0,0,0,0.0239691798869538,0.17570870772462,"donor_vs_cfDNA",656,8,0,0.998475609756098,0.00152439024390244,0,0.125,0.875,0,0
"308","MT",6516,"G",0,1,759,1,0,1,0,7,0,0,0.0309256442186861,0.174938075631797,"donor_vs_cfDNA",761,8,0,0.00131406044678055,0.997371879106439,0.00131406044678055,0.125,0,0.875,0
"309","MT",6552,"A",733,0,0,1,0,9,1,0,0,0,0.0267189105486479,0.140467906269041,"donor_vs_cfDNA",734,10,0.998637602179837,0,0,0.00136239782016349,0.9,0.1,0,0
"310","MT",6562,"T",1,1,0,733,0,1,0,0,10,0,0.0436445483655638,0.125689765197549,"donor_vs_cfDNA",735,11,0.00136054421768707,0.00136054421768707,0,0.997278911564626,0.0909090909090909,0,0,0.909090909090909
"311","MT",6580,"G",0,1,733,2,0,1,0,9,0,0,0.0268061853527103,0.138602407493337,"donor_vs_cfDNA",736,10,0,0.00135869565217391,0.995923913043478,0.00271739130434783,0.1,0,0.9,0
"312","MT",6597,"C",6,761,0,0,0,1,10,0,0,0,0.0952235273628742,0.117501920969958,"donor_vs_cfDNA",767,11,0.00782268578878748,0.992177314211212,0,0,0.0909090909090909,0.909090909090909,0,0
"313","MT",6816,"T",2,0,0,260,0,1,0,0,0,0,0.0114068441064639,1.4034180389962,"donor_vs_cfDNA",262,1,0.00763358778625954,0,0,0.99236641221374,1,0,0,0
"314","MT",6879,"A",426,9,0,0,0,6,1,0,0,0,0.14896403162368,0.172770917964792,"donor_vs_cfDNA",435,7,0.979310344827586,0.0206896551724138,0,0,0.857142857142857,0.142857142857143,0,0
"315","MT",7028,"C",0,0,1,430,0,0,6,0,0,0,1.07007431683977e-13,1.41257580160955,"donor_vs_cfDNA",431,6,0,0,0.00232018561484919,0.997679814385151,0,1,0,0
"316","MT",7308,"A",795,0,0,3,0,9,0,0,1,0,0.048682268751709,0.136104763897561,"donor_vs_cfDNA",798,10,0.996240601503759,0,0,0.0037593984962406,0.9,0,0,0.1
"317","MT",7399,"C",1,404,45,0,0,0,5,0,0,0,1,0.143018603641814,"donor_vs_cfDNA",450,5,0.00222222222222222,0.897777777777778,0.1,0,0,1,0,0
"318","MT",7428,"G",1,2,412,1,0,0,1,4,0,0,0.0582594081934277,0.272686442108989,"donor_vs_cfDNA",416,5,0.00240384615384615,0.00480769230769231,0.990384615384615,0.00240384615384615,0,0.2,0.8,0
"319","MT",7435,"T",4,0,1,435,0,1,0,0,4,0,0.0659110214555152,0.2683935989679,"donor_vs_cfDNA",440,5,0.00909090909090909,0,0.00227272727272727,0.988636363636364,0.2,0,0,0.8
"320","MT",7480,"T",0,0,2,624,0,0,0,1,7,0,0.0374375978530198,0.172258441103752,"donor_vs_cfDNA",626,8,0,0,0.00319488817891374,0.996805111821086,0,0,0.125,0.875
"321","MT",7726,"A",700,0,0,1,0,6,1,0,0,0,0.0196901046036832,0.201029389691345,"donor_vs_cfDNA",701,7,0.998573466476462,0,0,0.0014265335235378,0.857142857142857,0.142857142857143,0,0
"322","MT",7763,"G",0,1,708,2,0,0,1,10,0,0,0.0596845038650604,0.12463439622205,"donor_vs_cfDNA",711,11,0,0.00140646976090014,0.9957805907173,0.00281293952180028,0,0.0909090909090909,0.909090909090909,0
"323","MT",7774,"C",2,723,1,0,0,1,9,0,0,0,0.0533568366202688,0.136561895000237,"donor_vs_cfDNA",726,10,0.00275482093663912,0.995867768595041,0.00137741046831956,0,0.1,0.9,0,0
"324","MT",7777,"C",2,712,0,0,0,1,9,0,0,0,0.0409225625843762,0.137459973709654,"donor_vs_cfDNA",714,10,0.00280112044817927,0.997198879551821,0,0,0.1,0.9,0,0
"325","MT",7786,"C",0,690,1,0,0,1,8,0,0,0,0.0255671367259464,0.156121592232725,"donor_vs_cfDNA",691,9,0,0.998552821997106,0.00144717800289436,0,0.111111111111111,0.888888888888889,0,0
"326","MT",7807,"C",0,706,0,0,0,1,7,0,0,0,0.0112044817927171,0.176776695296637,"donor_vs_cfDNA",706,8,0,1,0,0,0.125,0.875,0,0
"327","MT",7884,"T",4,0,0,763,0,1,0,0,11,0,0.0748716964684639,0.110475831306634,"donor_vs_cfDNA",767,12,0.00521512385919166,0,0,0.994784876140808,0.0833333333333333,0,0,0.916666666666667
"328","MT",7949,"A",732,0,0,0,0,5,0,1,0,0,0.00813008130081301,0.235702260395516,"donor_vs_cfDNA",732,6,1,0,0,0,0.833333333333333,0,0.166666666666667,0
"329","MT",8003,"A",724,0,0,0,0,9,0,1,0,0,0.0136239782016349,0.14142135623731,"donor_vs_cfDNA",724,10,1,0,0,0,0.9,0,0.1,0
"330","MT",8027,"G",756,1,2,1,0,0,0,12,0,0,1.05994980582885e-24,1.40863359854806,"donor_vs_cfDNA",760,12,0.994736842105263,0.00131578947368421,0.00263157894736842,0.00131578947368421,0,0,1,0
"331","MT",8100,"C",3,690,0,0,0,1,10,0,0,0,0.0611777951058304,0.122442732672995,"donor_vs_cfDNA",693,11,0.00432900432900433,0.995670995670996,0,0,0.0909090909090909,0.909090909090909,0,0
"332","MT",8102,"G",1,5,678,1,0,0,0,11,1,0,0.0533680631132612,0.110019934893471,"donor_vs_cfDNA",685,12,0.00145985401459854,0.0072992700729927,0.98978102189781,0.00145985401459854,0,0,0.916666666666667,0.0833333333333333
"333","MT",8253,"C",0,544,1,1,0,1,7,0,0,0,0.042774915608504,0.174225071324428,"donor_vs_cfDNA",546,8,0,0.996336996336996,0.00183150183150183,0.00183150183150183,0.125,0.875,0,0
"334","MT",8296,"A",447,2,1,1,0,2,1,0,0,0,0.0327485522039054,0.462018617967042,"donor_vs_cfDNA",451,3,0.991130820399113,0.00443458980044346,0.00221729490022173,0.00221729490022173,0.666666666666667,0.333333333333333,0,0
"335","MT",8298,"T",3,0,2,449,0,0,0,1,2,0,0.0389566957285634,0.460573102729199,"donor_vs_cfDNA",454,3,0.0066079295154185,0,0.00440528634361234,0.988986784140969,0,0,0.333333333333333,0.666666666666667
"336","MT",8312,"A",483,0,0,3,0,2,0,0,1,0,0.0243892239151253,0.46267480744305,"donor_vs_cfDNA",486,3,0.993827160493827,0,0,0.00617283950617284,0.666666666666667,0,0,0.333333333333333
"337","MT",8332,"A",508,0,0,0,0,4,0,0,1,0,0.00974658869395712,0.282842712474619,"donor_vs_cfDNA",508,5,1,0,0,0,0.8,0,0,0.2
"338","MT",8409,"C",5,720,3,0,0,1,10,0,0,0,0.126907403493924,0.116047764371766,"donor_vs_cfDNA",728,11,0.00686813186813187,0.989010989010989,0.00412087912087912,0,0.0909090909090909,0.909090909090909,0,0
"339","MT",8452,"A",753,0,0,1,0,5,0,1,0,0,0.0157374661951234,0.234770072278104,"donor_vs_cfDNA",754,6,0.99867374005305,0,0,0.0013262599469496,0.833333333333333,0,0.166666666666667,0
"340","MT",8490,"T",1,0,1,704,0,1,0,0,7,0,0.0332843665855746,0.173780651131262,"donor_vs_cfDNA",706,8,0.00141643059490085,0,0.00141643059490085,0.997167138810198,0.125,0,0,0.875
"341","MT",8506,"T",2,0,0,720,0,1,0,0,6,0,0.0285697117425683,0.198113019817996,"donor_vs_cfDNA",722,7,0.00277008310249307,0,0,0.997229916897507,0.142857142857143,0,0,0.857142857142857
"342","MT",8519,"G",0,2,739,3,0,0,1,9,0,0,0.0772313319665688,0.134858923044618,"donor_vs_cfDNA",744,10,0,0.00268817204301075,0.993279569892473,0.00403225806451613,0,0.1,0.9,0
"343","MT",8661,"C",3,729,1,0,0,1,12,0,0,0,0.0843656722754972,0.102046613513519,"donor_vs_cfDNA",733,13,0.00409276944065484,0.994542974079127,0.00136425648021828,0,0.0769230769230769,0.923076923076923,0,0
"344","MT",8683,"A",737,0,0,1,0,10,1,0,0,0,0.0291761564438844,0.127617520910148,"donor_vs_cfDNA",738,11,0.998644986449865,0,0,0.0013550135501355,0.909090909090909,0.0909090909090909,0,0
"345","MT",8750,"T",3,0,0,616,0,1,0,0,4,0,0.031743593708637,0.275988688747447,"donor_vs_cfDNA",619,5,0.00484652665589661,0,0,0.995153473344103,0.2,0,0,0.8
"346","MT",8758,"T",3,0,0,594,0,1,0,0,2,0,0.0198999447239265,0.464297919975086,"donor_vs_cfDNA",597,3,0.0050251256281407,0,0,0.994974874371859,0.333333333333333,0,0,0.666666666666667
"347","MT",8794,"C",0,4,0,353,0,0,1,0,0,0,0.0139664804469275,1.39836803226247,"donor_vs_cfDNA",357,1,0,0.0112044817927171,0,0.988795518207283,0,1,0,0
"348","MT",9545,"A",564,46,32,5,0,14,0,0,0,0,0.829276360328809,0.154976254220774,"donor_vs_cfDNA",647,14,0.871715610510046,0.071097372488408,0.0494590417310665,0.00772797527047913,1,0,0,0
"349","MT",9550,"A",581,41,20,5,0,15,0,0,0,0,0.785202852274483,0.124245078890024,"donor_vs_cfDNA",647,15,0.897990726429675,0.0633693972179289,0.0309119010819165,0.00772797527047913,1,0,0,0
"350","MT",9560,"A",573,55,9,3,0,13,0,0,0,0,0.699268206916457,0.136251433478698,"donor_vs_cfDNA",640,13,0.8953125,0.0859375,0.0140625,0.0046875,1,0,0,0
"351","MT",9570,"A",585,43,5,1,0,14,0,0,0,0,0.662276009064603,0.103140585011179,"donor_vs_cfDNA",634,14,0.922712933753943,0.0678233438485804,0.00788643533123028,0.00157728706624606,1,0,0,0
"352","MT",9577,"T",5,0,49,571,0,0,0,0,14,0,0.656201780023329,0.116942378973578,"donor_vs_cfDNA",625,14,0.008,0,0.0784,0.9136,0,0,0,1
"353","MT",9844,"C",2,784,1,0,0,0,10,1,0,0,0.054107920929795,0.125009686069265,"donor_vs_cfDNA",787,11,0.00254129606099111,0.996188055908513,0.00127064803049555,0,0,0.909090909090909,0.0909090909090909,0
"354","MT",9892,"C",2,804,0,0,0,1,9,0,0,0,0.036360045291839,0.137912141442339,"donor_vs_cfDNA",806,10,0.00248138957816377,0.997518610421836,0,0,0.1,0.9,0,0
"355","MT",10041,"A",773,0,0,1,0,10,0,1,0,0,0.0278467437930439,0.127661101682413,"donor_vs_cfDNA",774,11,0.998708010335917,0,0,0.00129198966408269,0.909090909090909,0,0.0909090909090909,0
"356","MT",10071,"T",0,0,2,755,0,1,0,0,12,0,0.0171427990897213,0.106966430157035,"donor_vs_cfDNA",757,13,0,0,0.00264200792602378,0.997357992073976,0.0769230769230769,0,0,0.923076923076923
"357","MT",10076,"T",0,0,0,754,0,1,0,0,11,0,0.0156657963446476,0.117851130197758,"donor_vs_cfDNA",754,12,0,0,0,1,0.0833333333333333,0,0,0.916666666666667
"358","MT",10254,"G",0,0,683,3,0,0,0,12,1,0,0.0724936822279494,0.102601051228458,"donor_vs_cfDNA",686,13,0,0,0.995626822157434,0.0043731778425656,0,0,0.923076923076923,0.0769230769230769
"359","MT",10508,"C",10,793,3,0,0,1,6,0,0,0,0.114892515515595,0.181909651461381,"donor_vs_cfDNA",806,7,0.0124069478908189,0.983870967741935,0.00372208436724566,0,0.142857142857143,0.857142857142857,0,0
"360","MT",10509,"A",800,0,0,0,0,6,1,0,0,0,0.00867410161090463,0.202030508910442,"donor_vs_cfDNA",800,7,1,0,0,0,0.857142857142857,0.142857142857143,0,0
"361","MT",10545,"C",3,751,0,0,0,0,7,1,0,0,0.0107845997953442,0.174031509841844,"donor_vs_cfDNA",754,8,0.00397877984084881,0.996021220159151,0,0,0,0.875,0.125,0
"362","MT",10878,"T",0,0,0,719,0,0,2,0,10,0,0.000247362404662407,0.235702260395516,"donor_vs_cfDNA",719,12,0,0,0,1,0,0.166666666666667,0,0.833333333333333
"363","MT",10884,"T",3,1,0,710,0,0,1,0,11,0,0.0335320086066954,0.113016618960612,"donor_vs_cfDNA",714,12,0.00420168067226891,0.00140056022408964,0,0.994397759103641,0,0.0833333333333333,0,0.916666666666667
"364","MT",10952,"C",0,362,0,0,0,1,9,0,0,0,0.0268817204301076,0.14142135623731,"donor_vs_cfDNA",362,10,0,1,0,0,0.1,0.9,0,0
"365","MT",11015,"A",625,0,0,2,0,5,0,0,1,0,0.0282115258222011,0.231191212349669,"donor_vs_cfDNA",627,6,0.996810207336523,0,0,0.00318979266347687,0.833333333333333,0,0,0.166666666666667
"366","MT",11380,"A",5,0,731,0,0,16,0,0,0,0,4.78036036160798e-29,1.40460613328089,"donor_vs_cfDNA",736,16,0.00679347826086957,0,0.99320652173913,0,1,0,0,0
"367","MT",11719,"G",762,2,5,1,0,2,0,25,0,0,3.48587424432799e-40,1.29752501019999,"donor_vs_cfDNA",770,27,0.98961038961039,0.0025974025974026,0.00649350649350649,0.0012987012987013,0.0740740740740741,0,0.925925925925926,0
"368","MT",11806,"A",774,1,0,1,0,9,1,0,0,0,0.0377318331426883,0.138696676197004,"donor_vs_cfDNA",776,10,0.997422680412371,0.00128865979381443,0,0.00128865979381443,0.9,0.1,0,0
"369","MT",11873,"A",696,1,0,1,0,7,0,0,1,0,0.033657760779368,0.173746414646435,"donor_vs_cfDNA",698,8,0.997134670487106,0.00143266475644699,0,0.00143266475644699,0.875,0,0,0.125
"370","MT",11912,"A",685,1,0,2,0,11,0,0,1,0,0.0669681995726574,0.112726329564484,"donor_vs_cfDNA",688,12,0.995639534883721,0.00145348837209302,0,0.00290697674418605,0.916666666666667,0,0,0.0833333333333333
"371","MT",11940,"T",0,0,0,742,0,1,0,0,8,0,0.0119840213049268,0.157134840263677,"donor_vs_cfDNA",742,9,0,0,0,1,0.111111111111111,0,0,0.888888888888889
"372","MT",12007,"G",747,1,6,1,0,0,0,9,0,0,2.14717450214919e-17,1.40110415273275,"donor_vs_cfDNA",755,9,0.989403973509934,0.00132450331125828,0.00794701986754967,0.00132450331125828,0,0,1,0
"373","MT",12058,"A",734,0,0,1,0,13,0,1,0,0,0.0370583237543142,0.100067079172523,"donor_vs_cfDNA",735,14,0.998639455782313,0,0,0.00136054421768707,0.928571428571429,0,0.0714285714285714,0
"374","MT",12080,"C",0,721,0,0,0,1,13,0,0,0,0.019047619047619,0.101015254455221,"donor_vs_cfDNA",721,14,0,1,0,0,0.0714285714285714,0.928571428571429,0,0
"375","MT",12132,"C",3,748,1,0,0,1,10,0,0,0,0.0702141719472676,0.121993630269894,"donor_vs_cfDNA",752,11,0.00398936170212766,0.99468085106383,0.00132978723404255,0,0.0909090909090909,0.909090909090909,0,0
"376","MT",12151,"A",718,1,0,0,0,8,1,0,0,0,0.0245892346992759,0.155167922930752,"donor_vs_cfDNA",719,9,0.998609179415855,0.00139082058414465,0,0,0.888888888888889,0.111111111111111,0,0
"377","MT",12166,"T",2,0,1,709,0,1,0,0,10,0,0.0596036771898121,0.12361120098048,"donor_vs_cfDNA",712,11,0.00280898876404494,0,0.00140449438202247,0.995786516853933,0.0909090909090909,0,0,0.909090909090909
"378","MT",12201,"T",1,0,1,715,0,1,0,0,9,0,0.0407558006666203,0.138473286402801,"donor_vs_cfDNA",717,10,0.00139470013947001,0,0.00139470013947001,0.99721059972106,0.1,0,0,0.9
"379","MT",12203,"T",3,0,0,713,0,1,0,0,9,0,0.0540780246455068,0.13549588041731,"donor_vs_cfDNA",716,10,0.00418994413407821,0,0,0.995810055865922,0.1,0,0,0.9
"380","MT",12240,"C",0,752,0,0,0,1,7,0,0,0,0.0105263157894737,0.176776695296637,"donor_vs_cfDNA",752,8,0,1,0,0,0.125,0.875,0,0
"381","MT",12385,"C",5,696,8,1,0,1,12,1,0,0,0.0504012670304726,0.151426865729072,"donor_vs_cfDNA",710,14,0.00704225352112676,0.980281690140845,0.0112676056338028,0.00140845070422535,0.0714285714285714,0.857142857142857,0.0714285714285714,0
"382","MT",12391,"A",665,15,5,1,0,16,1,0,1,0,0.038107383647966,0.102930852379833,"donor_vs_cfDNA",686,18,0.969387755102041,0.021865889212828,0.00728862973760933,0.00145772594752187,0.888888888888889,0.0555555555555556,0,0.0555555555555556
"383","MT",12395,"T",2,0,5,662,0,2,0,0,17,0,0.00499388116489379,0.139652247208938,"donor_vs_cfDNA",669,19,0.00298953662182362,0,0.00747384155455904,0.989536621823617,0.105263157894737,0,0,0.894736842105263
"384","MT",12404,"T",3,0,7,655,0,2,0,0,16,0,0.00809299923069756,0.143890404109262,"donor_vs_cfDNA",665,18,0.00451127819548872,0,0.0105263157894737,0.984962406015038,0.111111111111111,0,0,0.888888888888889
"385","MT",12410,"A",643,8,4,5,0,15,0,1,1,0,0.0434630727523922,0.118325234333727,"donor_vs_cfDNA",660,17,0.974242424242424,0.0121212121212121,0.00606060606060606,0.00757575757575758,0.882352941176471,0,0.0588235294117647,0.0588235294117647
"386","MT",12644,"T",2,0,0,801,0,1,0,0,10,0,0.0400437292217416,0.125042544120162,"donor_vs_cfDNA",803,11,0.0024906600249066,0,0,0.997509339975093,0.0909090909090909,0,0,0.909090909090909
"387","MT",12684,"G",1,0,831,1,0,1,0,12,0,0,0.0454474704146983,0.106249228993994,"donor_vs_cfDNA",833,13,0.00120048019207683,0,0.997599039615846,0.00120048019207683,0.0769230769230769,0,0.923076923076923,0
"388","MT",12705,"C",4,7,0,818,0,0,13,0,1,0,6.94810339422777e-23,1.29785841792278,"donor_vs_cfDNA",829,14,0.00482509047044632,0.00844390832328106,0,0.986731001206273,0,0.928571428571429,0,0.0714285714285714
"389","MT",12825,"T",2,0,0,785,0,2,0,0,14,0,0.0021842132556957,0.173182759941178,"donor_vs_cfDNA",787,16,0.00254129606099111,0,0,0.997458703939009,0.125,0,0,0.875
"390","MT",13057,"A",580,54,1,0,0,12,0,0,1,0,0.0269924410190013,0.115088016662294,"donor_vs_cfDNA",635,13,0.913385826771654,0.0850393700787402,0.0015748031496063,0,0.923076923076923,0,0,0.0769230769230769
"391","MT",13062,"A",628,11,3,0,0,10,0,2,0,0,0.00480135366408196,0.217990640293206,"donor_vs_cfDNA",642,12,0.978193146417445,0.0171339563862928,0.00467289719626168,0,0.833333333333333,0,0.166666666666667,0
"392","MT",13083,"A",610,1,0,1,0,10,1,0,0,0,0.0521220166988222,0.125114665416865,"donor_vs_cfDNA",612,11,0.996732026143791,0.00163398692810458,0,0.00163398692810458,0.909090909090909,0.0909090909090909,0,0
"393","MT",13095,"T",1,4,0,607,0,0,1,0,11,0,0.110399392830531,0.107471134983042,"donor_vs_cfDNA",612,12,0.00163398692810458,0.0065359477124183,0,0.991830065359477,0,0.0833333333333333,0,0.916666666666667
"394","MT",13105,"A",624,0,3,1,0,11,0,1,0,0,0.0905725348778516,0.109986658350153,"donor_vs_cfDNA",628,12,0.993630573248408,0,0.00477707006369427,0.00159235668789809,0.916666666666667,0,0.0833333333333333,0
"395","MT",13114,"C",1,633,0,0,0,0,10,1,0,0,0.0338437093745451,0.12746419819786,"donor_vs_cfDNA",634,11,0.00157728706624606,0.998422712933754,0,0,0,0.909090909090909,0.0909090909090909,0
"396","MT",13138,"G",0,0,672,1,0,0,0,8,1,0,0.0262379371374682,0.155033482815872,"donor_vs_cfDNA",673,9,0,0,0.99851411589896,0.00148588410104012,0,0,0.888888888888889,0.111111111111111
"397","MT",13677,"C",0,695,11,0,0,0,17,2,0,0,0.0427510655339116,0.126830096580799,"donor_vs_cfDNA",706,19,0,0.984419263456091,0.0155807365439093,0,0,0.894736842105263,0.105263157894737,0
"398","MT",13689,"A",695,0,0,0,0,13,0,0,1,0,0.0197461212976023,0.101015254455221,"donor_vs_cfDNA",695,14,1,0,0,0,0.928571428571429,0,0,0.0714285714285714
"399","MT",13723,"T",4,2,0,653,0,1,0,0,10,0,0.109886114327665,0.117893482205243,"donor_vs_cfDNA",659,11,0.00606980273141123,0.00303490136570561,0,0.990895295902883,0.0909090909090909,0,0,0.909090909090909
"400","MT",13730,"G",0,0,650,1,0,0,1,10,0,0,0.0329812469434266,0.127492565328341,"donor_vs_cfDNA",651,11,0,0,0.998463901689708,0.00153609831029186,0,0.0909090909090909,0.909090909090909,0
"401","MT",13743,"T",2,1,1,615,0,1,0,0,10,0,0.0845652307422425,0.121753724409171,"donor_vs_cfDNA",619,11,0.00323101777059774,0.00161550888529887,0.00161550888529887,0.993537964458804,0.0909090909090909,0,0,0.909090909090909
"402","MT",13752,"T",1,0,2,555,0,1,0,0,10,0,0.0753080504718744,0.123573997786373,"donor_vs_cfDNA",558,11,0.0017921146953405,0,0.003584229390681,0.994623655913978,0.0909090909090909,0,0,0.909090909090909
"403","MT",13753,"T",0,0,3,537,0,1,0,0,10,0,0.0210230531497484,0.124822085404769,"donor_vs_cfDNA",540,11,0,0,0.00555555555555556,0.994444444444444,0.0909090909090909,0,0,0.909090909090909
"404","MT",13861,"A",697,2,0,0,0,9,0,0,1,0,0.0142816364507284,0.139442200255817,"donor_vs_cfDNA",699,10,0.997138769670958,0.00286123032904149,0,0,0.9,0,0,0.1
"405","MT",13863,"C",0,704,1,0,0,1,8,0,0,0,0.0250686529871326,0.156141516392348,"donor_vs_cfDNA",705,9,0,0.998581560283688,0.00141843971631206,0,0.111111111111111,0.888888888888889,0,0
"406","MT",13882,"C",4,698,0,0,0,1,10,0,0,0,0.0749993022049897,0.120506672370046,"donor_vs_cfDNA",702,11,0.0056980056980057,0.994301994301994,0,0,0.0909090909090909,0.909090909090909,0,0
"407","MT",14004,"C",1,672,1,0,0,1,12,0,0,0,0.0557808384565596,0.105653926527798,"donor_vs_cfDNA",674,13,0.00148367952522255,0.997032640949555,0.00148367952522255,0,0.0769230769230769,0.923076923076923,0,0
"408","MT",14148,"A",704,2,0,0,0,11,0,0,1,0,0.0169659180828952,0.115899937714809,"donor_vs_cfDNA",706,12,0.997167138810198,0.0028328611898017,0,0,0.916666666666667,0,0,0.0833333333333333
"409","MT",14287,"T",2,0,1,619,0,0,1,0,6,0,0.0222558612995389,0.19868183084806,"donor_vs_cfDNA",622,7,0.00321543408360129,0,0.00160771704180064,0.995176848874598,0,0.142857142857143,0,0.857142857142857
"410","MT",14291,"T",1,0,2,633,0,0,0,1,8,0,0.0547814723332632,0.151588056747363,"donor_vs_cfDNA",636,9,0.00157232704402516,0,0.00314465408805031,0.995283018867924,0,0,0.111111111111111,0.888888888888889
"411","MT",14319,"T",2,0,0,610,0,1,0,0,12,0,0.0612070626003209,0.104164045695153,"donor_vs_cfDNA",612,13,0.00326797385620915,0,0,0.996732026143791,0.0769230769230769,0,0,0.923076923076923
"412","MT",14488,"T",1,0,0,620,0,0,0,1,8,0,0.0283897342720666,0.15600864856403,"donor_vs_cfDNA",621,9,0.00161030595813205,0,0,0.998389694041868,0,0,0.111111111111111,0.888888888888889
"413","MT",14494,"T",0,0,5,614,0,1,0,0,8,0,0.0160990968717373,0.151745977212119,"donor_vs_cfDNA",619,9,0,0,0.00807754442649435,0.991922455573506,0.111111111111111,0,0,0.888888888888889
"414","MT",14502,"T",2,0,0,620,0,1,0,0,7,0,0.0376726349000609,0.172229384806691,"donor_vs_cfDNA",622,8,0.00321543408360129,0,0,0.996784565916399,0.125,0,0,0.875
"415","MT",14521,"C",1,646,0,0,0,1,9,0,0,0,0.0302325797230576,0.13923555474987,"donor_vs_cfDNA",647,10,0.00154559505409583,0.998454404945904,0,0,0.1,0.9,0,0
"416","MT",14540,"T",2,0,0,650,0,1,0,0,7,0,0.0359785502329007,0.172438616884449,"donor_vs_cfDNA",652,8,0.00306748466257669,0,0,0.996932515337423,0.125,0,0,0.875
"417","MT",14550,"T",1,0,0,651,0,1,0,0,7,0,0.0241136708511519,0.174607656090543,"donor_vs_cfDNA",652,8,0.00153374233128834,0,0,0.998466257668712,0.125,0,0,0.875
"418","MT",14556,"A",652,2,0,0,0,8,1,0,0,0,0.040233586419619,0.152810028146328,"donor_vs_cfDNA",654,9,0.996941896024465,0.00305810397553517,0,0,0.888888888888889,0.111111111111111,0,0
"419","MT",14560,"G",0,2,661,0,0,0,1,9,0,0,0.0439818886324015,0.137155251976757,"donor_vs_cfDNA",663,10,0,0.00301659125188537,0.996983408748115,0,0,0.1,0.9,0
"420","MT",14561,"A",655,11,0,1,0,9,1,0,0,0,0.177334025970201,0.117052766838029,"donor_vs_cfDNA",667,10,0.982008995502249,0.0164917541229385,0,0.00149925037481259,0.9,0.1,0,0
"421","MT",14562,"C",1,667,2,0,0,1,9,0,0,0,0.0576631655708476,0.137248524568032,"donor_vs_cfDNA",670,10,0.00149253731343284,0.995522388059702,0.00298507462686567,0,0.1,0.9,0,0
"422","MT",14613,"A",664,0,0,3,0,9,1,0,0,0,0.015349411393259,0.138350675117497,"donor_vs_cfDNA",667,10,0.995502248875562,0,0,0.00449775112443778,0.9,0.1,0,0
"423","MT",14618,"A",656,3,0,2,0,12,0,0,1,0,0.110679634672164,0.101449784003372,"donor_vs_cfDNA",661,13,0.992435703479576,0.00453857791225416,0,0.00302571860816944,0.923076923076923,0,0,0.0769230769230769
"424","MT",14745,"C",2,3,0,748,0,0,19,0,0,0,3.19787687863354e-35,1.40670490095227,"donor_vs_cfDNA",753,19,0.00265604249667995,0.00398406374501992,0,0.9933598937583,0,1,0,0
"425","MT",14766,"C",5,2,0,735,0,0,16,0,0,0,3.16104706680604e-31,1.40566102343164,"donor_vs_cfDNA",742,16,0.00673854447439353,0.00269541778975741,0,0.990566037735849,0,1,0,0
"426","MT",14800,"C",3,732,1,4,0,0,19,0,3,0,0.00189573381973057,0.18147129735789,"donor_vs_cfDNA",740,22,0.00405405405405405,0.989189189189189,0.00135135135135135,0.00540540540540541,0,0.863636363636364,0,0.136363636363636
"427","MT",14950,"C",0,792,1,4,0,0,13,0,2,0,0.00634633772887271,0.180583452119012,"donor_vs_cfDNA",797,15,0,0.993726474278545,0.00125470514429109,0.00501882057716437,0,0.866666666666667,0,0.133333333333333
"428","MT",14956,"T",1,4,1,784,0,0,2,0,12,0,0.00743287286575451,0.193096386807213,"donor_vs_cfDNA",790,14,0.00126582278481013,0.00506329113924051,0.00126582278481013,0.992405063291139,0,0.142857142857143,0,0.857142857142857
"429","MT",14969,"T",0,2,0,795,0,0,1,0,12,0,0.0474372014869389,0.105236816580413,"donor_vs_cfDNA",797,13,0,0.00250941028858218,0,0.997490589711418,0,0.0769230769230769,0,0.923076923076923
"430","MT",15210,"A",815,0,0,0,0,7,0,0,1,0,0.00972053462940459,0.176776695296637,"donor_vs_cfDNA",815,8,1,0,0,0,0.875,0,0,0.125
"431","MT",15318,"C",3,716,0,0,0,1,11,0,0,0,0.0641928310127457,0.111950378198983,"donor_vs_cfDNA",719,12,0.00417246175243394,0.995827538247566,0,0,0.0833333333333333,0.916666666666667,0,0
"432","MT",15320,"C",1,712,0,0,0,1,12,0,0,0,0.0355162914410564,0.106802189412144,"donor_vs_cfDNA",713,13,0.00140252454417952,0.99859747545582,0,0,0.0769230769230769,0.923076923076923,0,0
"433","MT",15321,"T",2,0,0,709,0,2,0,0,11,0,0.0017519945337946,0.213593220066303,"donor_vs_cfDNA",711,13,0.00281293952180028,0,0,0.9971870604782,0.153846153846154,0,0,0.846153846153846
"434","MT",15342,"T",0,0,0,713,0,1,0,0,13,0,0.0192572214580467,0.101015254455221,"donor_vs_cfDNA",713,14,0,0,0,1,0.0714285714285714,0,0,0.928571428571429
"435","MT",15392,"G",0,0,701,2,0,2,0,8,0,0,0.000354551144959647,0.280852643566132,"donor_vs_cfDNA",703,10,0,0,0.997155049786629,0.00284495021337127,0.2,0,0.8,0
"436","MT",15473,"A",686,0,0,0,0,7,1,0,0,0,0.0115273775216139,0.176776695296637,"donor_vs_cfDNA",686,8,1,0,0,0,0.875,0.125,0,0
"437","MT",15484,"A",699,1,0,2,0,6,0,0,1,0,0.038992586112184,0.197001861300669,"donor_vs_cfDNA",702,7,0.995726495726496,0.00142450142450142,0,0.00284900284900285,0.857142857142857,0,0,0.142857142857143
"438","MT",15503,"C",4,654,1,0,0,0,6,1,0,0,0.0214810049446539,0.195733732603785,"donor_vs_cfDNA",659,7,0.00606980273141123,0.992412746585736,0.00151745068285281,0,0,0.857142857142857,0.142857142857143,0
"439","MT",15854,"T",1,1,0,725,0,1,0,0,9,0,0.0402096107749259,0.138513691639279,"donor_vs_cfDNA",727,10,0.00137551581843191,0.00137551581843191,0,0.997248968363136,0.1,0,0,0.9
"440","MT",15952,"C",1,718,0,0,0,0,8,1,0,0,0.0245892346992762,0.156160672217959,"donor_vs_cfDNA",719,9,0.00139082058414465,0.998609179415855,0,0,0,0.888888888888889,0.111111111111111,0
"441","MT",16111,"C",3,4,0,720,0,0,8,0,0,0,2.43460283254479e-16,1.40352365966279,"donor_vs_cfDNA",727,8,0.00412654745529574,0.00550206327372765,0,0.990371389270977,0,1,0,0
"442","MT",16223,"C",1,3,1,644,0,0,9,0,0,0,3.64767755281195e-18,1.40550067843941,"donor_vs_cfDNA",649,9,0.00154083204930663,0.00462249614791988,0.00154083204930663,0.992295839753467,0,1,0,0
"443","MT",16240,"A",650,0,1,0,0,7,0,0,1,0,0.02415006618668,0.17570058229404,"donor_vs_cfDNA",651,8,0.998463901689708,0,0.00153609831029186,0,0.875,0,0,0.125
"444","MT",16290,"C",0,2,0,676,0,0,5,0,0,0,1.72055937185251e-11,1.41004184095017,"donor_vs_cfDNA",678,5,0,0.00294985250737463,0,0.997050147492625,0,1,0,0
"445","MT",16319,"G",708,3,8,3,0,0,0,7,0,0,8.22261490772562e-13,1.3926921663787,"donor_vs_cfDNA",722,7,0.980609418282548,0.00415512465373961,0.0110803324099723,0.00415512465373961,0,0,1,0
"446","MT",16362,"T",0,727,2,14,0,0,0,0,11,0,6.23500366649506e-18,1.38566673930695,"donor_vs_cfDNA",743,11,0,0.978465679676985,0.00269179004037685,0.018842530282638,0,0,0,1
"447","MT",16381,"T",3,0,1,756,0,1,0,0,9,0,0.0634308889714563,0.134918155143248,"donor_vs_cfDNA",760,10,0.00394736842105263,0,0.00131578947368421,0.994736842105263,0.1,0,0,0.9
"448","MT",16482,"A",653,0,0,0,0,13,0,1,0,0,0.0209895052473763,0.101015254455221,"donor_vs_cfDNA",653,14,1,0,0,0,0.928571428571429,0,0.0714285714285714,0
"449","MT",64,"C",1,5,0,642,0,1,414,1,0,0,7.62824932825667e-297,1.39881488956179,"donor_vs_recipient",648,416,0.00154320987654321,0.00771604938271605,0,0.990740740740741,0.00240384615384615,0.995192307692308,0.00240384615384615,0
"450","MT",73,"A",3,0,674,0,0,438,0,0,0,0,2.12082105305542e-316,1.40794673713363,"donor_vs_recipient",677,438,0.00443131462333826,0,0.995568685376662,0,1,0,0,0
"451","MT",146,"T",1,671,0,1,0,0,0,0,477,0,0,1.41106269970655,"donor_vs_recipient",673,477,0.00148588410104012,0.99702823179792,0,0.00148588410104012,0,0,0,1
"452","MT",152,"T",0,1,1,646,0,0,465,0,0,0,0,1.41094118577674,"donor_vs_recipient",648,465,0,0.00154320987654321,0.00154320987654321,0.996913580246914,0,1,0,0
"453","MT",153,"A",0,0,658,0,0,462,0,0,0,0,0,1.4142135623731,"donor_vs_recipient",658,462,0,0,1,0,1,0,0,0
"454","MT",235,"A",3,1,602,0,0,406,0,0,0,0,4.39784542021381e-288,1.40604711476113,"donor_vs_recipient",606,406,0.00495049504950495,0.00165016501650165,0.993399339933993,0,1,0,0,0
"455","MT",515,"A",52,4,19,1,0,266,6,0,0,0,1.28410882121322e-15,0.387150511310669,"donor_vs_recipient",76,272,0.684210526315789,0.0526315789473684,0.25,0.0131578947368421,0.977941176470588,0.0220588235294118,0,0
"456","MT",663,"A",7,5,690,0,0,447,0,0,0,0,1.00584552134849e-317,1.39510261716054,"donor_vs_recipient",702,447,0.00997150997150997,0.00712250712250712,0.982905982905983,0,1,0,0,0
"457","MT",1736,"A",5,1,733,1,0,517,0,0,2,0,0,1.40002520905373,"donor_vs_recipient",740,519,0.00675675675675676,0.00135135135135135,0.990540540540541,0.00135135135135135,0.996146435452794,0,0,0.00385356454720617
"458","MT",2706,"A",0,0,836,0,0,550,0,1,3,0,0,1.40784735401836,"donor_vs_recipient",836,554,0,0,1,0,0.992779783393502,0,0.00180505415162455,0.00541516245487365
"459","MT",4248,"T",1,494,0,4,0,1,0,0,362,0,8.34585998267397e-245,1.39951248298676,"donor_vs_recipient",499,363,0.00200400801603206,0.98997995991984,0,0.00801603206412826,0.00275482093663912,0,0,0.997245179063361
"460","MT",4812,"G",0,1,513,0,0,0,337,0,0,0,9.0936401587359e-245,1.41146217411945,"donor_vs_recipient",514,337,0,0.00194552529182879,0.998054474708171,0,0,1,0,0
"461","MT",4824,"A",3,0,559,1,0,376,0,0,0,0,1.00905123308006e-266,1.40542350978951,"donor_vs_recipient",563,376,0.00532859680284192,0,0.992895204262877,0.00177619893428064,1,0,0,0
"462","MT",6776,"T",0,0,1,288,0,0,223,0,0,0,1.49456269805184e-151,1.41177318675789,"donor_vs_recipient",289,223,0,0,0.00346020761245675,0.996539792387543,0,1,0,0
"463","MT",7028,"C",0,0,1,430,0,0,289,0,0,0,7.90774655433279e-210,1.41257580160955,"donor_vs_recipient",431,289,0,0,0.00232018561484919,0.997679814385151,0,1,0,0
"464","MT",8027,"G",756,1,2,1,0,0,0,525,0,0,0,1.40863359854806,"donor_vs_recipient",760,525,0.994736842105263,0.00131578947368421,0.00263157894736842,0.00131578947368421,0,0,1,0
"465","MT",8794,"C",0,4,0,353,0,0,240,0,0,0,8.56893391789913e-166,1.39836803226247,"donor_vs_recipient",357,240,0,0.0112044817927171,0,0.988795518207283,0,1,0,0
"466","MT",11380,"A",5,0,731,0,0,521,0,0,1,0,0,1.40325348407143,"donor_vs_recipient",736,522,0.00679347826086957,0,0.99320652173913,0,0.998084291187739,0,0,0.00191570881226054
"467","MT",11719,"G",762,2,5,1,0,0,1,486,1,0,0,1.39937773325949,"donor_vs_recipient",770,488,0.98961038961039,0.0025974025974026,0.00649350649350649,0.0012987012987013,0,0.00204918032786885,0.995901639344262,0.00204918032786885
"468","MT",12007,"G",747,1,6,1,0,2,0,464,2,0,0,1.39204040475767,"donor_vs_recipient",755,468,0.989403973509934,0.00132450331125828,0.00794701986754967,0.00132450331125828,0.00427350427350427,0,0.991452991452991,0.00427350427350427
"469","MT",12705,"C",4,7,0,818,0,4,575,1,3,0,0,1.38552367784799,"donor_vs_recipient",829,583,0.00482509047044632,0.00844390832328106,0,0.986731001206273,0.00686106346483705,0.986277873070326,0.00171526586620926,0.00514579759862779
"470","MT",14745,"C",2,3,0,748,0,3,450,0,0,0,0,1.40202672955512,"donor_vs_recipient",753,453,0.00265604249667995,0.00398406374501992,0,0.9933598937583,0.00662251655629139,0.993377483443709,0,0
"471","MT",14766,"C",5,2,0,735,0,0,488,0,0,0,0,1.40566102343164,"donor_vs_recipient",742,488,0.00673854447439353,0.00269541778975741,0,0.990566037735849,0,1,0,0
"472","MT",16111,"C",3,4,0,720,0,0,487,1,0,0,0,1.40207391042597,"donor_vs_recipient",727,488,0.00412654745529574,0.00550206327372765,0,0.990371389270977,0,0.997950819672131,0.00204918032786885,0
"473","MT",16223,"C",1,3,1,644,0,2,421,0,0,0,1.60118258799268e-303,1.40215895811482,"donor_vs_recipient",649,423,0.00154083204930663,0.00462249614791988,0.00154083204930663,0.992295839753467,0.00472813238770686,0.995271867612293,0,0
"474","MT",16290,"C",0,2,0,676,0,0,470,0,0,0,0,1.41004184095017,"donor_vs_recipient",678,470,0,0.00294985250737463,0,0.997050147492625,0,1,0,0
"475","MT",16319,"G",708,3,8,3,0,0,0,487,2,0,0,1.38978473691936,"donor_vs_recipient",722,489,0.980609418282548,0.00415512465373961,0.0110803324099723,0.00415512465373961,0,0,0.995910020449898,0.00408997955010225
"476","MT",16362,"T",0,727,2,14,0,2,0,0,495,0,0,1.38282611354794,"donor_vs_recipient",743,497,0,0.978465679676985,0.00269179004037685,0.018842530282638,0.00402414486921529,0,0,0.995975855130785
