"","chr","pos","ref","A1","C1","G1","T1","N1","A2","C2","G2","T2","N2","p.value","d.value","comparison"
"1","MT",63,"T",1,0,0,413,0,0,0,1,10,0,0.0511542730299824,0.126891371461465,"recipient_vs_cfDNA"
"2","MT",72,"T",0,0,0,432,0,1,0,0,11,0,0.027027027027027,0.117851130197758,"recipient_vs_cfDNA"
"3","MT",89,"T",0,0,0,449,0,0,1,0,12,0,0.0281385281385282,0.108785658644084,"recipient_vs_cfDNA"
"4","MT",309,"C",0,171,1,3,0,0,6,0,3,0,0.00260161664107179,0.443175512802086,"recipient_vs_cfDNA"
"5","MT",333,"T",1,0,0,210,0,1,0,0,11,0,0.104956974912132,0.111148696252862,"recipient_vs_cfDNA"
"6","MT",338,"C",0,227,0,0,0,1,11,0,0,0,0.0502092050209206,0.117851130197758,"recipient_vs_cfDNA"
"7","MT",369,"C",0,300,0,0,0,1,13,0,0,0,0.0445859872611465,0.101015254455221,"recipient_vs_cfDNA"
"8","MT",432,"A",289,12,5,3,0,12,1,0,1,0,0.131334835100579,0.106010181139849,"recipient_vs_cfDNA"
"9","MT",445,"C",1,301,0,0,0,1,9,0,0,0,0.0631750350399867,0.136738529871836,"recipient_vs_cfDNA"
"10","MT",460,"T",4,0,5,258,0,0,0,1,9,0,0.311966988396627,0.105945517037494,"recipient_vs_cfDNA"
"11","MT",464,"A",251,11,1,2,0,8,1,0,1,0,0.0790069797824235,0.183417189577581,"recipient_vs_cfDNA"
"12","MT",505,"C",4,253,2,0,0,2,14,0,0,0,0.0724536158682516,0.149774169979716,"recipient_vs_cfDNA"
"13","MT",507,"T",12,0,9,236,0,0,0,0,16,0,0.999999999998986,0.100416248253416,"recipient_vs_cfDNA"
"14","MT",546,"A",227,40,3,0,0,13,1,0,0,0,0.742963719015655,0.117147684428529,"recipient_vs_cfDNA"
"15","MT",550,"A",257,22,0,1,0,16,0,0,0,0,0.639037686650879,0.113726309486362,"recipient_vs_cfDNA"
"16","MT",590,"A",314,0,0,3,0,13,0,0,2,0,0.0176448794207503,0.175178083751368,"recipient_vs_cfDNA"
"17","MT",607,"C",1,360,0,0,0,0,12,1,0,0,0.0684004530400919,0.106880772902631,"recipient_vs_cfDNA"
"18","MT",615,"A",364,0,0,1,0,11,0,0,1,0,0.0627292736610419,0.113976572492626,"recipient_vs_cfDNA"
"19","MT",619,"T",1,0,0,374,0,1,0,0,11,0,0.0611318632767,0.11407989403143,"recipient_vs_cfDNA"
"20","MT",634,"T",1,0,0,424,0,1,0,0,10,0,0.0498787303595908,0.125237307983414,"recipient_vs_cfDNA"
"21","MT",635,"C",0,430,0,0,0,1,10,0,0,0,0.0249433106575964,0.128564869306645,"recipient_vs_cfDNA"
"22","MT",1045,"G",0,0,450,0,0,0,0,10,1,0,0.0238611713665944,0.128564869306645,"recipient_vs_cfDNA"
"23","MT",1086,"C",0,383,1,0,0,0,10,0,1,0,0.0549893979309948,0.12676357575978,"recipient_vs_cfDNA"
"24","MT",1165,"C",0,319,0,1,0,1,7,0,0,0,0.0482583724919673,0.174608938058737,"recipient_vs_cfDNA"
"25","MT",1175,"G",0,0,320,0,0,0,1,7,0,0,0.024390243902439,0.176776695296637,"recipient_vs_cfDNA"
"26","MT",1205,"T",0,2,0,361,0,1,0,0,6,0,0.0192223639333875,0.198249477793488,"recipient_vs_cfDNA"
"27","MT",1259,"T",4,0,0,495,0,1,0,0,6,0,0.0675425590701879,0.190694127648934,"recipient_vs_cfDNA"
"28","MT",1305,"A",511,0,0,0,0,17,0,1,1,0,0.00121981667082741,0.128920512778062,"recipient_vs_cfDNA"
"29","MT",1769,"C",1,528,0,0,0,1,12,0,0,0,0.0474384595971652,0.1061122870706,"recipient_vs_cfDNA"
"30","MT",1934,"T",0,0,0,506,0,0,1,0,12,0,0.0250481695568401,0.108785658644084,"recipient_vs_cfDNA"
"31","MT",2003,"A",478,1,0,0,0,11,1,0,0,0,0.0483311858348227,0.114898701048754,"recipient_vs_cfDNA"
"32","MT",2150,"T",1,0,0,500,0,1,0,0,12,0,0.0499920358613785,0.105962877082461,"recipient_vs_cfDNA"
"33","MT",2169,"A",473,0,0,0,0,13,0,1,0,0,0.028747433264887,0.101015254455221,"recipient_vs_cfDNA"
"34","MT",2305,"T",1,0,0,514,0,1,0,0,9,0,0.0377680843329699,0.138675310485129,"recipient_vs_cfDNA"
"35","MT",2464,"G",0,1,552,0,0,0,0,6,1,0,0.0248658318425554,0.200764051063315,"recipient_vs_cfDNA"
"36","MT",2721,"G",0,0,524,1,0,0,0,24,2,0,0.00624705295795119,0.106091918525278,"recipient_vs_cfDNA"
"37","MT",2945,"A",598,0,0,0,0,17,0,0,2,0,0.000899829505988339,0.148864585512957,"recipient_vs_cfDNA"
"38","MT",3063,"G",0,0,510,2,0,0,2,21,0,0,0.00353967768705776,0.120308117340327,"recipient_vs_cfDNA"
"39","MT",3107,"N",1,2,0,15,0,0,0,0,1,0,1,0.207869854820774,"recipient_vs_cfDNA"
"40","MT",3541,"C",2,385,0,0,0,0,12,1,0,0,0.0334504288359046,0.105321719305478,"recipient_vs_cfDNA"
"41","MT",3572,"T",2,11,6,189,0,0,0,0,9,0,0.999999999999921,0.109842881334576,"recipient_vs_cfDNA"
"42","MT",3578,"T",4,2,2,211,0,0,0,1,9,0,0.209921508145727,0.11270494237882,"recipient_vs_cfDNA"
"43","MT",3584,"A",233,2,0,1,0,10,1,0,0,0,0.16753942891162,0.113702286903055,"recipient_vs_cfDNA"
"44","MT",3815,"A",522,0,0,0,0,8,1,0,0,0,0.0169491525423729,0.157134840263677,"recipient_vs_cfDNA"
"45","MT",3835,"C",2,538,0,0,0,1,8,0,0,0,0.0484654294782709,0.151897012254888,"recipient_vs_cfDNA"
"46","MT",3886,"A",543,0,0,1,0,12,1,0,0,0,0.0461749092646811,0.107509405703669,"recipient_vs_cfDNA"
"47","MT",3902,"A",567,1,0,0,0,11,1,0,0,0,0.0409862426299804,0.115361317587946,"recipient_vs_cfDNA"
"48","MT",4042,"A",515,0,0,1,0,11,0,0,1,0,0.0449801621528376,0.115110406239671,"recipient_vs_cfDNA"
"49","MT",4066,"C",1,534,1,0,0,0,12,1,0,0,0.0694930966439063,0.104852871641119,"recipient_vs_cfDNA"
"50","MT",4249,"C",2,360,0,0,0,1,8,0,0,0,0.071212689252266,0.149321505664931,"recipient_vs_cfDNA"
"51","MT",4252,"C",1,375,0,0,0,0,8,1,0,0,0.0462662337662306,0.155288403137294,"recipient_vs_cfDNA"
"52","MT",4309,"G",0,0,521,1,0,0,0,9,1,0,0.0372753918695043,0.138712134853453,"recipient_vs_cfDNA"
"53","MT",4343,"A",443,0,0,1,0,8,1,0,0,0,0.039383461290511,0.15556671496373,"recipient_vs_cfDNA"
"54","MT",4408,"G",1,0,391,0,0,0,1,3,0,0,0.0201253036696056,0.35176342221181,"recipient_vs_cfDNA"
"55","MT",4428,"G",0,0,437,0,0,0,1,7,0,0,0.0179775280898877,0.176776695296637,"recipient_vs_cfDNA"
"56","MT",4429,"G",0,0,439,1,0,0,1,7,0,0,0.0354346436561277,0.175191748550925,"recipient_vs_cfDNA"
"57","MT",4439,"C",0,468,1,0,0,1,8,0,0,0,0.0373411226020229,0.155649057743035,"recipient_vs_cfDNA"
"58","MT",4447,"T",3,0,0,474,0,1,0,0,8,0,0.0722589298441953,0.148240415343092,"recipient_vs_cfDNA"
"59","MT",4730,"C",2,286,0,0,0,1,5,0,0,0,0.0601844739953113,0.225881332879036,"recipient_vs_cfDNA"
"60","MT",4831,"G",0,0,392,0,0,0,0,8,1,0,0.0224438902743142,0.157134840263677,"recipient_vs_cfDNA"
"61","MT",4835,"C",0,409,0,0,0,1,8,0,0,0,0.0215311004784689,0.157134840263677,"recipient_vs_cfDNA"
"62","MT",4863,"A",502,0,0,1,0,14,0,0,2,0,0.00262980462217948,0.173965137518559,"recipient_vs_cfDNA"
"63","MT",4988,"C",0,472,1,0,0,1,7,0,0,0,0.0330214830214875,0.17530087894895,"recipient_vs_cfDNA"
"64","MT",5007,"G",0,0,434,1,0,0,0,3,1,0,0.0181608262863918,0.350302324932646,"recipient_vs_cfDNA"
"65","MT",5126,"C",0,498,0,0,0,1,11,0,0,0,0.0235294117647059,0.117851130197758,"recipient_vs_cfDNA"
"66","MT",5135,"C",0,502,1,0,0,1,11,0,0,0,0.0461032828378239,0.116470805287272,"recipient_vs_cfDNA"
"67","MT",5153,"A",512,0,0,0,0,12,0,0,1,0,0.0247619047619048,0.108785658644084,"recipient_vs_cfDNA"
"68","MT",5190,"A",437,0,0,0,0,13,0,0,1,0,0.0310421286031042,0.101015254455221,"recipient_vs_cfDNA"
"69","MT",5389,"T",1,0,0,474,0,0,0,1,9,0,0.040853710488186,0.139956463353248,"recipient_vs_cfDNA"
"70","MT",5412,"T",0,0,0,473,0,1,0,0,12,0,0.0267489711934156,0.108785658644084,"recipient_vs_cfDNA"
"71","MT",5421,"G",0,2,477,1,0,0,0,12,1,0,0.101675111350553,0.103019571603967,"recipient_vs_cfDNA"
"72","MT",5432,"A",458,7,0,1,0,9,2,0,0,0,0.0196934307989549,0.234383526598363,"recipient_vs_cfDNA"
"73","MT",5436,"A",460,8,0,0,0,9,1,0,0,0,0.174619463776953,0.117246765427513,"recipient_vs_cfDNA"
"74","MT",5464,"T",4,0,1,478,0,0,0,1,8,0,0.0379917468787953,0.14869723511732,"recipient_vs_cfDNA"
"75","MT",5473,"T",2,0,2,475,0,1,0,0,8,0,0.0892268924676147,0.148365707570645,"recipient_vs_cfDNA"
"76","MT",5479,"T",4,0,4,477,0,1,0,0,8,0,0.153671594709136,0.140004271802563,"recipient_vs_cfDNA"
"77","MT",5548,"A",442,0,0,0,0,5,0,1,0,0,0.0133928571428572,0.235702260395516,"recipient_vs_cfDNA"
"78","MT",5683,"A",244,0,0,0,0,2,0,1,0,0,0.0121457489878542,0.471404520791032,"recipient_vs_cfDNA"
"79","MT",5901,"C",0,356,2,0,0,0,7,0,1,0,0.0222702067750417,0.172961764502017,"recipient_vs_cfDNA"
"80","MT",5981,"T",1,0,0,415,0,0,1,0,9,0,0.0464512565589429,0.139752594687517,"recipient_vs_cfDNA"
"81","MT",6282,"A",416,0,0,2,0,11,1,0,0,0,0.0286058214769321,0.114617743916819,"recipient_vs_cfDNA"
"82","MT",6290,"C",0,415,0,0,0,1,9,0,0,0,0.0235294117647059,0.14142135623731,"recipient_vs_cfDNA"
"83","MT",6313,"C",0,385,1,0,0,1,7,0,0,0,0.0402474780744382,0.174973583107175,"recipient_vs_cfDNA"
"84","MT",6314,"C",0,386,0,0,0,1,7,0,0,0,0.0203045685279188,0.176776695296637,"recipient_vs_cfDNA"
"85","MT",6516,"G",0,1,506,0,0,1,0,7,0,0,0.0308564089003102,0.175398643012882,"recipient_vs_cfDNA"
"86","MT",6552,"A",500,1,0,1,0,9,1,0,0,0,0.0575671621388388,0.137217309485285,"recipient_vs_cfDNA"
"87","MT",6562,"T",0,0,0,507,0,1,0,0,10,0,0.0212355212355213,0.128564869306645,"recipient_vs_cfDNA"
"88","MT",6580,"G",0,0,510,1,0,1,0,9,0,0,0.0380555145430291,0.140058094560463,"recipient_vs_cfDNA"
"89","MT",6597,"C",4,521,1,0,0,1,10,0,0,0,0.11729965983921,0.116489356784791,"recipient_vs_cfDNA"
"90","MT",6816,"T",0,0,0,200,0,1,0,0,0,0,0.00497512437810946,1.4142135623731,"recipient_vs_cfDNA"
"91","MT",6879,"A",333,7,0,0,0,6,1,0,0,0,0.151868159477182,0.172914347332173,"recipient_vs_cfDNA"
"92","MT",7308,"A",528,0,0,2,0,9,0,0,1,0,0.0546325097573106,0.136084701284958,"recipient_vs_cfDNA"
"93","MT",7399,"C",1,255,43,0,0,0,5,0,0,0,0.999999999999873,0.205787559370102,"recipient_vs_cfDNA"
"94","MT",7403,"A",257,18,10,2,0,5,0,0,0,0,1,0.126974684029886,"recipient_vs_cfDNA"
"95","MT",7428,"G",0,2,297,0,0,0,1,4,0,0,0.0486928812260801,0.273383089983829,"recipient_vs_cfDNA"
"96","MT",7435,"T",1,0,0,298,0,1,0,0,4,0,0.0326776098662498,0.278112901229224,"recipient_vs_cfDNA"
"97","MT",7480,"T",0,0,2,392,0,0,0,1,7,0,0.0586645326981054,0.169597946249058,"recipient_vs_cfDNA"
"98","MT",7726,"A",511,0,0,0,0,6,1,0,0,0,0.0135135135135135,0.202030508910442,"recipient_vs_cfDNA"
"99","MT",7763,"G",0,1,482,2,0,0,1,10,0,0,0.0860540227854201,0.122836931362912,"recipient_vs_cfDNA"
"100","MT",7774,"C",5,490,0,0,0,1,9,0,0,0,0.113619087944545,0.127136370758793,"recipient_vs_cfDNA"
"101","MT",7777,"C",0,493,0,0,0,1,9,0,0,0,0.0198807157057654,0.14142135623731,"recipient_vs_cfDNA"
"102","MT",7786,"C",0,496,0,0,0,1,8,0,0,0,0.0178217821782178,0.157134840263677,"recipient_vs_cfDNA"
"103","MT",7807,"C",1,499,0,0,0,1,7,0,0,0,0.0312786345493795,0.173948268171891,"recipient_vs_cfDNA"
"104","MT",7884,"T",2,0,0,492,0,1,0,0,11,0,0.0696067743420305,0.11212556921649,"recipient_vs_cfDNA"
"105","MT",7949,"A",479,0,0,0,0,5,0,1,0,0,0.0123711340206185,0.235702260395516,"recipient_vs_cfDNA"
"106","MT",8003,"A",489,0,0,1,0,9,0,1,0,0,0.0396392785570934,0.140000594988918,"recipient_vs_cfDNA"
"107","MT",8100,"C",1,535,0,0,0,1,10,0,0,0,0.0398510691015261,0.125926411167889,"recipient_vs_cfDNA"
"108","MT",8253,"C",0,372,0,0,0,1,7,0,0,0,0.0210526315789473,0.176776695296637,"recipient_vs_cfDNA"
"109","MT",8296,"A",308,4,0,1,0,2,1,0,0,0,0.0560617055013965,0.451089348343232,"recipient_vs_cfDNA"
"110","MT",8298,"T",2,0,1,313,0,0,0,1,2,0,0.0372634186015457,0.462518762373532,"recipient_vs_cfDNA"
"111","MT",8312,"A",336,0,0,2,0,2,0,0,1,0,0.0262378618174491,0.463036393203025,"recipient_vs_cfDNA"
"112","MT",8332,"A",378,0,0,1,0,4,0,0,1,0,0.0259056788511749,0.279111278273107,"recipient_vs_cfDNA"
"113","MT",8409,"C",2,506,0,0,0,1,10,0,0,0,0.0623634509995351,0.122997099376042,"recipient_vs_cfDNA"
"114","MT",8452,"A",480,0,0,0,0,5,0,1,0,0,0.0123456790123457,0.235702260395516,"recipient_vs_cfDNA"
"115","MT",8490,"T",0,0,1,460,0,1,0,0,7,0,0.0338600040092529,0.175262978079951,"recipient_vs_cfDNA"
"116","MT",8506,"T",1,0,0,461,0,1,0,0,6,0,0.0296593953310371,0.198969440593617,"recipient_vs_cfDNA"
"117","MT",8519,"G",0,0,451,0,0,0,1,9,0,0,0.0216919739696312,0.14142135623731,"recipient_vs_cfDNA"
"118","MT",8683,"A",498,2,0,1,0,10,1,0,0,0,0.0834444341527126,0.121532504200691,"recipient_vs_cfDNA"
"119","MT",8750,"T",3,0,0,425,0,1,0,0,4,0,0.0455508307515071,0.272930000588826,"recipient_vs_cfDNA"
"120","MT",8758,"T",0,1,0,406,0,1,0,0,2,0,0.0145983660325545,0.469676797709199,"recipient_vs_cfDNA"
"121","MT",9545,"A",392,39,21,5,0,14,0,0,0,0,0.831672750530992,0.172464424465978,"recipient_vs_cfDNA"
"122","MT",9550,"A",417,27,14,3,0,15,0,0,0,0,1,0.116209069292658,"recipient_vs_cfDNA"
"123","MT",9570,"A",407,34,7,1,0,14,0,0,0,0,0.697956948309812,0.12137573802618,"recipient_vs_cfDNA"
"124","MT",9577,"T",3,0,32,414,0,0,0,0,14,0,0.646667109060725,0.10583166477075,"recipient_vs_cfDNA"
"125","MT",9582,"C",0,458,0,0,0,0,13,1,0,0,0.0296610169491526,0.101015254455221,"recipient_vs_cfDNA"
"126","MT",9844,"C",0,528,0,0,0,0,10,1,0,0,0.0204081632653062,0.128564869306645,"recipient_vs_cfDNA"
"127","MT",9892,"C",3,574,0,0,0,1,9,0,0,0,0.0665875200578871,0.134068426103654,"recipient_vs_cfDNA"
"128","MT",10041,"A",530,0,0,0,0,10,0,1,0,0,0.0203327171903882,0.128564869306645,"recipient_vs_cfDNA"
"129","MT",10071,"T",0,0,0,562,0,1,0,0,12,0,0.0226086956521739,0.108785658644084,"recipient_vs_cfDNA"
"130","MT",10076,"T",0,0,0,569,0,1,0,0,11,0,0.0206540447504303,0.117851130197758,"recipient_vs_cfDNA"
"131","MT",10254,"G",0,0,497,0,0,0,0,12,1,0,0.0254901960784313,0.108785658644084,"recipient_vs_cfDNA"
"132","MT",10508,"C",4,562,3,0,0,1,6,0,0,0,0.0937328193749531,0.188471258884614,"recipient_vs_cfDNA"
"133","MT",10509,"A",565,0,0,1,0,6,1,0,0,0,0.024304665665917,0.200792863487264,"recipient_vs_cfDNA"
"134","MT",10545,"C",2,569,0,0,0,0,7,1,0,0,0.0139825187133356,0.174352746031797,"recipient_vs_cfDNA"
"135","MT",10752,"C",0,511,0,0,0,1,13,0,0,0,0.0266666666666666,0.101015254455221,"recipient_vs_cfDNA"
"136","MT",10878,"T",0,0,0,476,0,0,2,0,10,0,0.000555424647389504,0.235702260395516,"recipient_vs_cfDNA"
"137","MT",10884,"T",1,0,0,480,0,0,1,0,11,0,0.04813733735716,0.116408904477611,"recipient_vs_cfDNA"
"138","MT",10952,"C",0,272,0,0,0,1,9,0,0,0,0.0354609929078014,0.14142135623731,"recipient_vs_cfDNA"
"139","MT",11015,"A",433,2,0,0,0,5,0,0,1,0,0.0137586407518092,0.23251938890653,"recipient_vs_cfDNA"
"140","MT",11719,"G",0,1,486,1,0,2,0,25,0,0,0.0052978594748197,0.101940998613751,"recipient_vs_cfDNA"
"141","MT",11806,"A",516,0,0,0,0,9,1,0,0,0,0.0190114068441065,0.14142135623731,"recipient_vs_cfDNA"
"142","MT",11873,"A",466,0,0,1,0,7,0,0,1,0,0.0334354874528092,0.173748400730527,"recipient_vs_cfDNA"
"143","MT",11912,"A",462,0,0,2,0,11,0,0,1,0,0.0738911314025942,0.111755382084081,"recipient_vs_cfDNA"
"144","MT",11940,"T",0,0,0,465,0,1,0,0,8,0,0.0189873417721519,0.157134840263677,"recipient_vs_cfDNA"
"145","MT",12080,"C",0,470,0,0,0,1,13,0,0,0,0.0289256198347108,0.101015254455221,"recipient_vs_cfDNA"
"146","MT",12132,"C",1,485,0,0,0,1,10,0,0,0,0.0438193678198222,0.125654964857318,"recipient_vs_cfDNA"
"147","MT",12151,"A",504,0,0,1,0,8,1,0,0,0,0.0347463990716246,0.155753511641588,"recipient_vs_cfDNA"
"148","MT",12166,"T",1,0,1,539,0,1,0,0,10,0,0.0587035429654026,0.124664316644847,"recipient_vs_cfDNA"
"149","MT",12201,"T",0,0,0,582,0,1,0,0,9,0,0.0168918918918919,0.14142135623731,"recipient_vs_cfDNA"
"150","MT",12203,"T",1,0,0,581,0,1,0,0,9,0,0.03352654685142,0.138991436027046,"recipient_vs_cfDNA"
"151","MT",12240,"C",0,572,0,0,0,1,7,0,0,0,0.0137931034482759,0.176776695296637,"recipient_vs_cfDNA"
"152","MT",12385,"C",5,497,5,0,0,1,12,1,0,0,0.0379735781204648,0.150806849478198,"recipient_vs_cfDNA"
"153","MT",12395,"T",2,0,4,492,0,2,0,0,17,0,0.0146709062441843,0.137856877889908,"recipient_vs_cfDNA"
"154","MT",12404,"T",8,0,3,501,0,2,0,0,16,0,0.0681079211227121,0.131091119136442,"recipient_vs_cfDNA"
"155","MT",12410,"A",501,5,3,3,0,15,0,1,1,0,0.033330540051861,0.122282592779558,"recipient_vs_cfDNA"
"156","MT",12644,"T",0,0,0,576,0,1,0,0,10,0,0.0187393526405451,0.128564869306645,"recipient_vs_cfDNA"
"157","MT",12825,"T",0,0,0,508,0,2,0,0,14,0,0.000875746208748705,0.176776695296637,"recipient_vs_cfDNA"
"158","MT",13057,"A",400,44,0,1,0,12,0,0,1,0,0.039337416958556,0.126248550099076,"recipient_vs_cfDNA"
"159","MT",13060,"C",0,436,0,0,0,0,13,1,0,0,0.0311111111111111,0.101015254455221,"recipient_vs_cfDNA"
"160","MT",13062,"A",426,7,1,0,0,10,0,2,0,0,0.00327437090346353,0.221919692796933,"recipient_vs_cfDNA"
"161","MT",13083,"A",427,1,0,0,0,10,1,0,0,0,0.0495418187869899,0.125260632011381,"recipient_vs_cfDNA"
"162","MT",13095,"T",3,0,0,438,0,0,1,0,11,0,0.0283531761063366,0.113347501380623,"recipient_vs_cfDNA"
"163","MT",13105,"A",442,0,0,0,0,11,0,1,0,0,0.026431718061674,0.117851130197758,"recipient_vs_cfDNA"
"164","MT",13114,"C",0,443,0,0,0,0,10,1,0,0,0.0242290748898679,0.128564869306645,"recipient_vs_cfDNA"
"165","MT",13138,"G",0,0,440,1,0,0,0,8,1,0,0.0396436525612472,0.153928006788908,"recipient_vs_cfDNA"
"166","MT",13677,"C",1,465,8,0,0,0,17,2,0,0,0.0893852019690647,0.123531241319772,"recipient_vs_cfDNA"
"167","MT",13723,"T",5,0,0,426,0,1,0,0,10,0,0.141084068953528,0.112158679487932,"recipient_vs_cfDNA"
"168","MT",13730,"G",2,2,424,0,0,0,1,10,0,0,0.119680715262178,0.118790102335729,"recipient_vs_cfDNA"
"169","MT",13743,"T",1,1,0,393,0,1,0,0,10,0,0.0792887581040791,0.123233450865204,"recipient_vs_cfDNA"
"170","MT",13752,"T",0,0,3,356,0,1,0,0,10,0,0.032049118858311,0.123082156902298,"recipient_vs_cfDNA"
"171","MT",13753,"T",0,0,0,353,0,1,0,0,10,0,0.0302197802197802,0.128564869306645,"recipient_vs_cfDNA"
"172","MT",13861,"A",491,1,0,2,0,9,0,0,1,0,0.0772575539311399,0.134287293095762,"recipient_vs_cfDNA"
"173","MT",13863,"C",1,497,0,0,0,1,8,0,0,0,0.0352223027808312,0.154295053993852,"recipient_vs_cfDNA"
"174","MT",13882,"C",2,483,0,0,0,1,10,0,0,0,0.0651963345087283,0.122733060802014,"recipient_vs_cfDNA"
"175","MT",13892,"C",0,509,0,0,0,0,13,1,0,0,0.0267686424474188,0.101015254455221,"recipient_vs_cfDNA"
"176","MT",14004,"C",0,506,0,1,0,1,12,0,0,0,0.0494219653179093,0.10741813652221,"recipient_vs_cfDNA"
"177","MT",14148,"A",498,0,1,0,0,11,0,0,1,0,0.0464602279267983,0.116459948691128,"recipient_vs_cfDNA"
"178","MT",14287,"T",0,1,4,430,0,0,1,0,6,0,0.0327031471410277,0.192606847795266,"recipient_vs_cfDNA"
"179","MT",14291,"T",1,0,0,438,0,0,0,1,8,0,0.0398190316395076,0.155549139371341,"recipient_vs_cfDNA"
"180","MT",14319,"T",1,0,0,444,0,1,0,0,12,0,0.0560232387031428,0.105607650638751,"recipient_vs_cfDNA"
"181","MT",14488,"T",0,0,0,441,0,0,0,1,8,0,0.02,0.157134840263677,"recipient_vs_cfDNA"
"182","MT",14494,"T",1,0,5,430,0,1,0,0,8,0,0.0435038289868339,0.146457232838206,"recipient_vs_cfDNA"
"183","MT",14502,"T",1,1,0,421,0,1,0,0,7,0,0.0547821896982957,0.171786155462026,"recipient_vs_cfDNA"
"184","MT",14521,"C",1,412,0,0,0,1,9,0,0,0,0.0467771391437823,0.137997110323573,"recipient_vs_cfDNA"
"185","MT",14540,"T",0,0,0,400,0,1,0,0,7,0,0.0196078431372549,0.176776695296637,"recipient_vs_cfDNA"
"186","MT",14550,"T",0,0,0,412,0,1,0,0,7,0,0.019047619047619,0.176776695296637,"recipient_vs_cfDNA"
"187","MT",14556,"A",404,4,1,0,0,8,1,0,0,0,0.123128115458923,0.141606698336687,"recipient_vs_cfDNA"
"188","MT",14560,"G",0,0,412,0,0,0,1,9,0,0,0.023696682464455,0.14142135623731,"recipient_vs_cfDNA"
"189","MT",14561,"A",403,2,0,3,0,9,1,0,0,0,0.135991761686863,0.129602874337433,"recipient_vs_cfDNA"
"190","MT",14562,"C",1,407,1,0,0,1,9,0,0,0,0.0700672974997485,0.136267659869407,"recipient_vs_cfDNA"
"191","MT",14613,"A",437,0,0,0,0,9,1,0,0,0,0.0223713646532438,0.14142135623731,"recipient_vs_cfDNA"
"192","MT",14618,"A",431,1,0,2,0,12,0,0,1,0,0.111713053983178,0.100678824670147,"recipient_vs_cfDNA"
"193","MT",14800,"C",0,479,0,3,0,0,19,0,3,0,0.00133173782851563,0.18404514485806,"recipient_vs_cfDNA"
"194","MT",14950,"C",0,507,1,0,0,0,13,0,2,0,0.000769213863431793,0.187185392560033,"recipient_vs_cfDNA"
"195","MT",14956,"T",1,0,0,514,0,0,2,0,12,0,0.000651601076931818,0.200671578149674,"recipient_vs_cfDNA"
"196","MT",14969,"T",3,0,0,523,0,0,1,0,12,0,0.0256779440882222,0.104985370534236,"recipient_vs_cfDNA"
"197","MT",15210,"A",540,0,0,1,0,7,0,0,1,0,0.0289577599617087,0.174162622168406,"recipient_vs_cfDNA"
"198","MT",15318,"C",0,528,0,0,0,1,11,0,0,0,0.0222222222222222,0.117851130197758,"recipient_vs_cfDNA"
"199","MT",15320,"C",1,533,0,0,0,1,12,0,0,0,0.0470096630974144,0.10613731863964,"recipient_vs_cfDNA"
"200","MT",15321,"T",4,0,0,527,0,2,0,0,11,0,0.00750178778237414,0.206918107778767,"recipient_vs_cfDNA"
"201","MT",15342,"T",0,0,0,523,0,1,0,0,13,0,0.0260707635009311,0.101015254455221,"recipient_vs_cfDNA"
"202","MT",15392,"G",0,2,519,1,0,2,0,8,0,0,0.000655852176893827,0.27884140400743,"recipient_vs_cfDNA"
"203","MT",15419,"A",498,0,0,0,0,13,0,0,1,0,0.02734375,0.101015254455221,"recipient_vs_cfDNA"
"204","MT",15473,"A",523,0,0,0,0,7,1,0,0,0,0.0150659133709981,0.176776695296637,"recipient_vs_cfDNA"
"205","MT",15484,"A",501,0,0,2,0,6,0,0,1,0,0.040692682252116,0.196407393354287,"recipient_vs_cfDNA"
"206","MT",15503,"C",1,490,0,0,0,0,6,1,0,0,0.0279427569432649,0.200605881457397,"recipient_vs_cfDNA"
"207","MT",15854,"T",0,0,0,466,0,1,0,0,9,0,0.0210084033613445,0.14142135623731,"recipient_vs_cfDNA"
"208","MT",15952,"C",0,501,0,0,0,0,8,1,0,0,0.0176470588235294,0.157134840263677,"recipient_vs_cfDNA"
"209","MT",16240,"A",418,0,1,0,0,7,0,0,1,0,0.0371628679178931,0.17511348703212,"recipient_vs_cfDNA"
"210","MT",16381,"T",0,0,1,511,0,1,0,0,9,0,0.0379832476595887,0.140060716814285,"recipient_vs_cfDNA"
"211","MT",16482,"A",439,0,0,0,0,13,0,1,0,0,0.0309050772626932,0.101015254455221,"recipient_vs_cfDNA"
